CREATE DATABASE  IF NOT EXISTS `showmanager` /*!40100 DEFAULT CHARACTER SET latin1 */;
USE `showmanager`;
-- MySQL dump 10.13  Distrib 5.5.46, for debian-linux-gnu (x86_64)
--
-- Host: localhost    Database: showmanager
-- ------------------------------------------------------
-- Server version	5.5.41-0ubuntu0.14.04.1

/*!40101 SET @OLD_CHARACTER_SET_CLIENT=@@CHARACTER_SET_CLIENT */;
/*!40101 SET @OLD_CHARACTER_SET_RESULTS=@@CHARACTER_SET_RESULTS */;
/*!40101 SET @OLD_COLLATION_CONNECTION=@@COLLATION_CONNECTION */;
/*!40101 SET NAMES utf8 */;
/*!40103 SET @OLD_TIME_ZONE=@@TIME_ZONE */;
/*!40103 SET TIME_ZONE='+00:00' */;
/*!40014 SET @OLD_UNIQUE_CHECKS=@@UNIQUE_CHECKS, UNIQUE_CHECKS=0 */;
/*!40014 SET @OLD_FOREIGN_KEY_CHECKS=@@FOREIGN_KEY_CHECKS, FOREIGN_KEY_CHECKS=0 */;
/*!40101 SET @OLD_SQL_MODE=@@SQL_MODE, SQL_MODE='NO_AUTO_VALUE_ON_ZERO' */;
/*!40111 SET @OLD_SQL_NOTES=@@SQL_NOTES, SQL_NOTES=0 */;

--
-- Table structure for table `exhibitiontrophyclass`
--

DROP TABLE IF EXISTS `exhibitiontrophyclass`;
/*!40101 SET @saved_cs_client     = @@character_set_client */;
/*!40101 SET character_set_client = utf8 */;
CREATE TABLE `exhibitiontrophyclass` (
  `ID` int(11) NOT NULL AUTO_INCREMENT,
  `TrophyID` int(11) DEFAULT NULL,
  `ExhibitionClassID` int(11) DEFAULT NULL,
  PRIMARY KEY (`ID`),
  KEY `fk_exhibitiontrophyclass_trophy_idx` (`TrophyID`),
  KEY `fk_exhibitiontrophyclass_exhibitionclass_idx` (`ExhibitionClassID`),
  CONSTRAINT `fk_exhibitiontrophyclass_exhibitionclass` FOREIGN KEY (`ExhibitionClassID`) REFERENCES `exhibitionclass` (`ID`) ON DELETE NO ACTION ON UPDATE NO ACTION,
  CONSTRAINT `fk_exhibitiontrophyclass_trophy` FOREIGN KEY (`TrophyID`) REFERENCES `trophy` (`ID`) ON DELETE NO ACTION ON UPDATE NO ACTION
) ENGINE=InnoDB AUTO_INCREMENT=1069 DEFAULT CHARSET=latin1;
/*!40101 SET character_set_client = @saved_cs_client */;

--
-- Dumping data for table `exhibitiontrophyclass`
--

/*!40000 ALTER TABLE `exhibitiontrophyclass` DISABLE KEYS */;
INSERT INTO `exhibitiontrophyclass` VALUES (1,3,1),(2,3,2),(3,3,3),(4,3,4),(5,3,5),(6,3,6),(7,3,7),(8,3,8),(9,3,9),(10,3,10),(11,3,11),(12,3,12),(13,3,13),(14,3,14),(15,3,15),(16,3,16),(17,3,17),(18,3,18),(19,3,19),(20,3,20),(21,3,21),(22,3,22),(23,3,23),(24,3,24),(25,3,25),(26,3,26),(27,3,27),(28,2,1),(29,2,2),(30,4,94),(31,4,95),(32,4,96),(33,4,98),(34,5,104),(35,5,105),(36,5,106),(37,5,107),(38,6,146),(39,6,147),(40,6,148),(41,6,149),(42,6,150),(43,6,151),(44,6,152),(45,7,87),(46,7,88),(47,7,89),(48,7,90),(49,7,91),(50,7,92),(51,7,93),(52,7,94),(53,7,95),(54,7,96),(55,7,98),(56,7,99),(57,7,100),(58,7,101),(59,7,102),(60,7,103),(61,7,104),(62,7,105),(63,7,106),(64,7,107),(65,7,108),(66,7,109),(67,7,110),(68,7,111),(69,7,112),(70,7,113),(71,7,114),(72,7,115),(73,7,116),(74,7,117),(75,7,118),(76,7,119),(77,7,120),(78,7,121),(79,7,122),(80,7,123),(81,7,124),(82,7,125),(83,7,126),(84,7,127),(85,7,128),(86,7,129),(87,7,130),(88,7,131),(89,7,132),(90,7,133),(91,7,134),(92,7,135),(93,7,136),(94,7,137),(95,7,138),(96,7,139),(97,7,140),(98,7,141),(99,7,142),(100,7,143),(101,7,144),(102,7,145),(103,7,146),(104,7,147),(105,7,148),(106,7,149),(107,7,150),(108,7,151),(109,7,152),(110,7,153),(111,7,154),(112,7,155),(113,7,156),(114,7,157),(115,7,158),(116,7,159),(117,7,160),(118,7,161),(119,7,162),(120,7,163),(121,7,164),(122,7,165),(123,7,166),(124,7,167),(125,7,168),(126,7,169),(127,7,170),(128,7,171),(129,7,173),(130,7,174),(131,7,172),(132,8,116),(133,8,117),(134,8,118),(135,8,119),(136,8,120),(137,8,121),(138,8,122),(139,8,123),(140,8,124),(141,8,125),(142,8,126),(143,8,127),(144,8,128),(145,8,129),(146,8,130),(147,8,131),(148,8,132),(149,8,133),(150,8,134),(151,8,135),(152,8,136),(153,8,137),(154,9,87),(155,9,88),(156,9,89),(157,9,90),(158,9,91),(159,9,92),(160,9,93),(161,9,94),(162,9,95),(163,9,96),(164,9,98),(165,9,99),(166,9,100),(167,9,101),(168,9,102),(169,9,103),(170,9,104),(171,9,105),(172,9,106),(173,9,107),(174,9,108),(175,9,109),(176,9,110),(177,9,111),(178,9,112),(179,9,113),(180,9,114),(181,9,115),(182,10,175),(183,10,176),(184,10,177),(185,10,178),(186,10,179),(187,10,180),(188,10,181),(189,10,182),(190,10,183),(191,10,184),(192,10,185),(193,10,186),(194,10,187),(195,10,188),(196,10,189),(197,10,190),(198,10,191),(199,10,192),(200,10,193),(201,10,194),(202,10,195),(203,10,196),(204,10,197),(205,10,198),(206,10,199),(207,10,200),(208,10,201),(209,10,202),(210,10,203),(211,10,204),(212,10,205),(213,10,206),(214,10,207),(215,11,251),(216,11,252),(217,11,253),(218,11,254),(219,11,255),(220,11,256),(221,11,257),(222,11,258),(223,11,259),(224,11,260),(225,11,261),(226,11,262),(227,11,263),(228,11,264),(229,11,265),(230,11,266),(231,11,267),(232,11,268),(233,11,269),(234,11,270),(235,11,271),(236,11,272),(237,12,208),(238,12,209),(239,12,210),(240,12,211),(241,12,212),(242,12,213),(243,12,214),(244,12,215),(245,12,216),(246,12,217),(247,12,218),(248,12,221),(249,12,222),(250,12,223),(251,12,219),(252,12,220),(253,12,224),(254,12,225),(255,12,226),(256,12,227),(257,12,228),(258,12,229),(259,12,230),(260,12,231),(261,12,232),(262,12,233),(263,12,234),(264,12,235),(265,13,245),(266,13,248),(267,13,247),(268,13,250),(269,13,249),(270,13,239),(271,13,236),(272,13,238),(273,13,237),(274,13,240),(275,13,241),(276,13,242),(277,13,243),(278,13,244),(279,13,246),(280,14,279),(281,14,280),(282,14,275),(283,14,274),(284,14,273),(285,14,276),(286,14,277),(287,14,278),(288,15,224),(289,15,225),(290,15,226),(291,15,227),(292,16,208),(293,16,209),(294,16,210),(295,16,211),(296,16,212),(297,16,213),(298,16,214),(299,16,215),(300,16,216),(301,16,217),(302,16,218),(303,16,221),(304,16,222),(305,16,223),(306,16,219),(307,16,220),(308,16,224),(309,16,225),(310,16,226),(311,16,227),(312,16,228),(313,16,229),(314,16,230),(315,16,231),(316,16,232),(317,16,233),(318,16,234),(319,16,235),(320,16,251),(321,16,252),(322,16,253),(323,16,254),(324,16,255),(325,16,256),(326,16,257),(327,16,258),(328,16,259),(329,16,260),(330,16,261),(331,16,262),(332,16,263),(333,16,264),(334,16,265),(335,16,266),(336,16,267),(337,16,268),(338,16,269),(339,16,270),(340,16,271),(341,16,272),(342,16,281),(343,16,282),(344,16,283),(345,16,284),(346,16,286),(347,16,285),(348,16,288),(349,16,287),(350,16,289),(351,16,291),(352,16,293),(353,16,294),(354,16,290),(355,16,292),(356,16,295),(357,16,296),(358,16,297),(359,16,298),(360,16,299),(361,16,300),(362,16,301),(363,16,302),(364,16,303),(365,16,305),(366,16,304),(367,16,279),(368,16,280),(369,16,275),(370,16,274),(371,16,273),(372,16,276),(373,16,277),(374,16,278),(375,17,8),(376,17,9),(377,17,10),(378,17,11),(379,18,291),(380,18,293),(381,18,294),(382,18,290),(383,18,292),(384,18,295),(385,18,296),(386,18,297),(387,19,245),(388,19,248),(389,19,247),(390,19,250),(391,19,249),(392,19,246),(393,20,208),(394,20,209),(395,20,210),(396,20,211),(397,20,212),(398,20,213),(399,20,214),(400,20,215),(401,20,216),(402,20,217),(403,20,218),(404,20,221),(405,20,222),(406,20,223),(407,20,219),(408,20,220),(409,20,224),(410,20,225),(411,20,226),(412,20,227),(413,20,228),(414,20,229),(415,20,230),(416,20,231),(417,20,232),(418,20,233),(419,20,234),(420,20,235),(421,20,251),(422,20,252),(423,20,253),(424,20,254),(425,20,255),(426,20,256),(427,20,257),(428,20,258),(429,20,259),(430,20,260),(431,20,261),(432,20,262),(433,20,263),(434,20,264),(435,20,265),(436,20,266),(437,20,267),(438,20,268),(439,20,269),(440,20,270),(441,20,271),(442,20,272),(443,20,281),(444,20,282),(445,20,283),(446,20,284),(447,20,286),(448,20,285),(449,20,288),(450,20,287),(451,20,289),(452,20,291),(453,20,293),(454,20,294),(455,20,290),(456,20,292),(457,20,295),(458,20,296),(459,20,297),(460,20,298),(461,20,299),(462,20,300),(463,20,301),(464,20,302),(465,20,303),(466,20,305),(467,20,304),(468,20,279),(469,20,280),(470,20,275),(471,20,274),(472,20,273),(473,20,276),(474,20,277),(475,20,278),(476,21,245),(477,21,248),(478,21,247),(479,21,250),(480,21,249),(481,21,240),(482,21,241),(483,21,242),(484,21,243),(485,21,244),(486,21,246),(487,22,239),(488,22,236),(489,22,238),(490,22,237),(491,23,279),(492,23,280),(493,23,275),(494,23,274),(495,23,273),(496,23,276),(497,23,277),(498,23,278),(532,25,306),(533,25,307),(534,25,308),(535,25,309),(536,25,310),(537,25,311),(538,25,312),(539,25,313),(540,25,314),(541,25,315),(542,25,316),(543,25,317),(544,25,318),(545,25,319),(546,25,320),(547,25,321),(548,25,322),(549,25,323),(550,25,324),(551,25,325),(552,25,328),(553,25,329),(554,25,330),(555,25,331),(556,25,332),(557,25,335),(558,25,336),(559,25,337),(560,25,338),(561,25,339),(562,25,340),(563,25,341),(564,25,326),(565,25,327),(566,25,333),(567,25,334),(568,25,342),(569,25,343),(570,32,360),(571,32,361),(572,32,362),(573,32,363),(574,33,396),(575,33,397),(576,33,398),(577,33,399),(578,33,400),(579,33,401),(580,33,402),(581,33,403),(582,33,404),(589,26,351),(590,26,352),(591,26,353),(592,26,354),(596,29,344),(597,29,345),(598,29,346),(599,29,347),(600,29,348),(601,29,349),(602,29,350),(603,29,351),(604,29,352),(605,29,353),(606,29,354),(607,29,355),(608,29,356),(609,29,357),(610,29,358),(611,29,359),(612,29,360),(613,29,361),(614,29,362),(615,29,363),(616,29,364),(617,29,365),(618,29,366),(619,29,405),(620,29,368),(621,29,369),(622,29,370),(623,29,406),(627,28,372),(628,28,373),(629,28,374),(630,28,375),(631,28,376),(632,28,377),(633,28,378),(634,28,379),(635,28,380),(636,28,381),(637,28,382),(638,28,383),(639,28,407),(640,28,385),(641,28,386),(642,28,408),(643,28,388),(644,28,409),(645,28,410),(646,28,411),(647,28,412),(648,28,413),(658,31,425),(659,31,426),(660,31,427),(661,31,428),(662,31,429),(663,31,430),(664,31,431),(665,31,450),(666,24,344),(667,24,345),(668,24,346),(669,24,347),(670,24,348),(671,24,349),(672,24,350),(673,24,351),(674,24,352),(675,24,353),(676,24,354),(677,24,355),(678,24,356),(679,24,357),(680,24,358),(681,24,359),(682,24,360),(683,24,361),(684,24,362),(685,24,363),(686,24,364),(687,24,365),(688,24,366),(689,24,405),(690,24,368),(691,24,369),(692,24,370),(693,24,406),(694,24,372),(695,24,373),(696,24,374),(697,24,375),(698,24,376),(699,24,377),(700,24,378),(701,24,379),(702,24,380),(703,24,381),(704,24,382),(705,24,383),(706,24,407),(707,24,385),(708,24,386),(709,24,408),(710,24,388),(711,24,409),(712,24,410),(713,24,411),(714,24,412),(715,24,413),(716,24,390),(717,24,391),(718,24,392),(719,24,393),(720,24,394),(721,24,395),(722,24,414),(723,24,415),(724,24,416),(725,24,396),(726,24,397),(727,24,398),(728,24,399),(729,24,400),(730,24,401),(731,24,402),(732,24,403),(733,24,404),(734,24,417),(735,24,418),(736,24,419),(737,24,420),(738,24,421),(739,24,422),(740,24,423),(741,24,424),(742,24,425),(743,24,426),(744,24,427),(745,24,428),(746,24,429),(747,24,430),(748,24,431),(749,24,433),(750,24,434),(751,24,435),(752,24,436),(753,24,437),(754,24,438),(755,24,439),(756,24,440),(757,24,441),(758,24,442),(759,24,443),(760,24,444),(761,24,445),(762,24,446),(763,24,447),(764,24,448),(765,24,449),(766,24,452),(767,24,453),(768,24,454),(769,24,450),(770,24,451),(771,37,527),(772,37,528),(773,37,529),(774,37,530),(775,37,531),(776,37,532),(777,37,533),(778,37,534),(779,37,535),(780,37,536),(781,37,537),(782,37,538),(783,37,539),(784,37,540),(785,37,541),(786,37,542),(787,38,493),(788,38,494),(789,38,495),(790,38,496),(791,38,497),(792,38,498),(793,38,499),(794,38,500),(795,38,501),(796,38,502),(797,38,503),(798,38,504),(799,38,505),(800,38,506),(801,38,507),(802,38,508),(803,38,509),(804,38,510),(805,38,511),(806,38,512),(807,38,513),(808,38,514),(809,38,515),(810,38,516),(811,38,517),(812,38,518),(813,38,519),(814,38,520),(815,39,581),(816,39,584),(817,39,587),(818,39,590),(819,39,593),(820,39,596),(821,39,599),(822,40,601),(823,40,604),(824,40,607),(825,40,610),(826,40,613),(827,40,616),(828,40,619),(829,40,622),(830,40,625),(831,40,628),(832,40,631),(833,41,602),(834,41,605),(835,41,608),(836,41,611),(837,41,614),(838,41,617),(839,41,620),(840,41,623),(841,41,626),(842,41,629),(843,41,632),(844,42,600),(845,42,603),(846,42,606),(847,42,609),(848,42,612),(849,42,615),(850,42,618),(851,42,621),(852,42,624),(853,42,627),(854,42,630),(855,43,601),(856,43,604),(857,43,607),(858,43,610),(859,43,613),(860,43,616),(861,43,619),(862,43,622),(863,43,625),(864,43,628),(865,43,631),(866,44,602),(867,44,605),(868,44,608),(869,44,611),(870,44,614),(871,44,617),(872,44,620),(873,44,623),(874,44,626),(875,44,629),(876,44,632),(877,45,571),(878,45,572),(879,45,573),(880,45,574),(881,45,575),(882,45,576),(883,45,577),(884,45,578),(885,46,493),(886,46,494),(887,46,495),(888,46,496),(889,46,497),(890,46,498),(891,46,499),(892,46,500),(893,46,501),(894,46,502),(895,46,503),(896,46,504),(897,46,505),(898,46,506),(899,46,507),(900,46,508),(901,46,509),(902,46,510),(903,46,511),(904,46,512),(905,46,513),(906,46,514),(907,46,515),(908,46,516),(909,46,517),(910,46,518),(911,46,519),(912,46,520),(913,46,521),(914,46,522),(915,46,523),(916,46,524),(917,46,525),(918,46,526),(919,46,527),(920,46,528),(921,46,529),(922,46,531),(923,46,532),(924,46,533),(925,46,534),(926,46,535),(927,46,536),(928,46,537),(929,46,538),(930,46,539),(931,46,540),(932,46,541),(933,46,542),(934,46,543),(935,46,530),(936,46,544),(937,46,545),(938,46,546),(939,46,547),(940,46,548),(941,46,549),(942,46,550),(943,46,551),(944,46,552),(945,46,553),(946,46,554),(947,46,555),(948,46,556),(949,46,557),(950,46,558),(951,46,559),(952,46,560),(953,46,561),(954,46,562),(955,46,563),(956,46,564),(957,46,565),(958,46,566),(959,46,567),(960,46,568),(961,46,569),(962,46,571),(963,46,572),(964,46,573),(965,46,574),(966,46,575),(967,46,576),(968,46,577),(969,46,578),(970,46,570),(971,46,579),(972,46,582),(973,46,585),(974,46,588),(975,46,591),(976,46,594),(977,46,597),(978,46,600),(979,46,603),(980,46,606),(981,46,609),(982,46,612),(983,46,615),(984,46,618),(985,46,621),(986,46,624),(987,46,627),(988,46,630),(989,46,580),(990,46,583),(991,46,586),(992,46,589),(993,46,592),(994,46,595),(995,46,598),(996,46,601),(997,46,604),(998,46,607),(999,46,610),(1000,46,613),(1001,46,616),(1002,46,619),(1003,46,622),(1004,46,625),(1005,46,628),(1006,46,631),(1007,46,581),(1008,46,584),(1009,46,587),(1010,46,590),(1011,46,593),(1012,46,596),(1013,46,599),(1014,46,602),(1015,46,605),(1016,46,608),(1017,46,611),(1018,46,614),(1019,46,617),(1020,46,620),(1021,46,623),(1022,46,626),(1023,46,629),(1024,46,632),(1025,47,602),(1026,47,605),(1027,47,608),(1028,47,611),(1029,47,614),(1030,47,617),(1031,47,620),(1032,47,623),(1033,47,626),(1034,47,629),(1035,47,632),(1036,48,509),(1037,48,510),(1038,48,511),(1039,48,512),(1040,49,552),(1041,49,553),(1042,49,554),(1043,49,555),(1044,49,556),(1045,49,557),(1046,49,558),(1047,49,559),(1048,49,560),(1049,49,561),(1050,49,562),(1051,50,500),(1052,50,501),(1053,50,502),(1054,50,503),(1055,51,571),(1056,51,572),(1057,51,573),(1058,51,574),(1059,51,575),(1060,51,576),(1061,51,577),(1062,51,578),(1063,37,521),(1064,37,522),(1065,37,523),(1066,37,524),(1067,37,525),(1068,37,526);
/*!40000 ALTER TABLE `exhibitiontrophyclass` ENABLE KEYS */;

--
-- Table structure for table `class`
--

DROP TABLE IF EXISTS `class`;
/*!40101 SET @saved_cs_client     = @@character_set_client */;
/*!40101 SET character_set_client = utf8 */;
CREATE TABLE `class` (
  `ID` int(11) NOT NULL AUTO_INCREMENT,
  `Name` varchar(255) NOT NULL,
  `Description` varchar(255) DEFAULT NULL,
  PRIMARY KEY (`ID`),
  UNIQUE KEY `Name` (`Name`,`Description`)
) ENGINE=InnoDB AUTO_INCREMENT=240 DEFAULT CHARSET=latin1;
/*!40101 SET character_set_client = @saved_cs_client */;

--
-- Dumping data for table `class`
--

/*!40000 ALTER TABLE `class` DISABLE KEYS */;
INSERT INTO `class` VALUES (88,'\"Football World Cup\"','a floral exhibit'),(55,'\"Garden Party\"','a floral exhibit'),(62,'1 Apple Plate Pie','not exceeding 9\"/23cm'),(113,'1 Cyclamineous Narc',NULL),(111,'1 Double Daff',NULL),(63,'1 Fruit Cake (Any Shape)','not exceeding 9\"/23cm'),(58,'1 Jar Jam','1lb/500g jar as specified'),(109,'1 Large Cup Narc - White',NULL),(108,'1 Large Cup Narc - Yellow',NULL),(115,'1 Multi Headed',NULL),(64,'1 Savoury Quiche or Flan','up to 8\"/20cm diameter'),(114,'1 Single Headed',NULL),(110,'1 Small Cup Narc ',NULL),(112,'1 Triandrus',NULL),(107,'1 Trumpet Daff - White',NULL),(106,'1 Trumpet Daff - Yellow',NULL),(48,'1 Vegetable and 1 Flower',NULL),(239,'2 Different fresh culinary herbs','1 vase max 3&quot;e;/7.5cm diam'),(105,'3 Daffs - Multi Head',NULL),(104,'3 Daffs - Single Head',NULL),(103,'3 Double Daffs',NULL),(121,'3 Flowering Shrubs',NULL),(101,'3 Large Cup Narc - 2+ Variety',NULL),(100,'3 Large Cup Narc - White',NULL),(99,'3 Large Cup Narc - Yellow',NULL),(118,'3 Polyanthus',NULL),(159,'3 Red Tulips',NULL),(102,'3 Small Cup Narc',NULL),(98,'3 Trumpet Daffs - White',NULL),(97,'3 Trumpet Daffs - Yellow',NULL),(117,'3 Tulips',NULL),(160,'3 Yellow Tulips',NULL),(119,'6 Pansies/Violas',NULL),(78,'A Collage','Age 3-6 Max Size A4'),(73,'A Figure','Any Medium'),(82,'A Fruit and/or Vegetable Monster','Age 3-6'),(83,'A Fruit and/or Vegetable Monster','Age 7-11'),(79,'A Garden in a Seed Tray','Age 7-11 Max size 38x23cm'),(223,'A Greeting Card','Max A5'),(74,'A Landscape','Any Medium'),(85,'A Small Vase of Flowers','Age 7-11'),(12,'A vase of annuals','not to exceed 9 stems'),(13,'A vase of any other flowers','not to exceed 9 stems'),(56,'A Walk by the River','an exhibit using flowers and/or foliage'),(171,'A Year in the Veg Garden',NULL),(155,'Airborne',NULL),(124,'Amaryllis',NULL),(47,'Any Herb','in pot max size 5&quot;'),(196,'Any Herb','in pot max size 5&quot;/13cm'),(54,'Any other fruit','5'),(201,'Any other fruit','5 the same'),(127,'Any Other Pot',NULL),(44,'Any other vegetable','2'),(195,'Any other vegetable','2 the same'),(75,'Any Subject','Any Medium'),(182,'Any vegtable',NULL),(152,'Apple Plate Pie',NULL),(207,'Apple Plate Pie','not exceeding 9&quot;/23cm'),(129,'Arrangement',NULL),(170,'Autumn Colour',NULL),(30,'Beetroot','3 stalk trimmed to 3&quot;/7.5cm'),(230,'Beetroots','3 trimmed to 3&quot;7.5cm'),(22,'Begonias','1 plant any size pot'),(183,'Begonias (corm)','1 plant any size pot'),(156,'BHS Outings',NULL),(59,'Biscuits','5'),(50,'Black currants','3 strings'),(233,'Broad Beans','3 pods'),(185,'Broad Beans','6 pods'),(28,'Broad Beans','max size 12&quot;/30cm'),(176,'Broad Beans 3',NULL),(180,'Broad Beans 3 (3-6y)',NULL),(186,'Cabbages (pointed or round)','1 stalk 5-10cm/2-4\"'),(31,'Cabbages (pointed or round)','2 x 2/4&quot; stalk (5/10cm)'),(142,'Canvas Work',NULL),(215,'Canvas Work','including cross stitch'),(231,'Carrots','3 trimmed to 3&quot;7.5cm'),(188,'Carrots (long rooted)','5  stalk trimmed to 3&quot;/7.5cm'),(34,'Carrots (long)','5'),(33,'Carrots (stump rooted)','5'),(187,'Carrots (stump rooted)','5 stalk trimmed to 3&quot;/7.5cm'),(141,'Carrots (stump rooted) 3',NULL),(6,'Clematis','1 bloom'),(7,'Clematis','3 blooms'),(213,'Climbing Plants',NULL),(226,'Collage',NULL),(173,'Collage Max A5',NULL),(189,'Courgette','1 with roots'),(35,'Courgette','2'),(146,'Crochet',NULL),(220,'Crochet',NULL),(69,'Cross stich/canvas work','framed or unframed'),(143,'Cross Stitch',NULL),(169,'Cup and Saucer',NULL),(151,'Cup Cakes',NULL),(16,'Dahlia','1 bloom'),(206,'Decorated Cup Cakes','5'),(179,'Decorated Face Mask',NULL),(133,'Decorated Plant Pot',NULL),(224,'Decorated Plant Pot','3&quot;/7.5cm diam'),(135,'Decorated Plant Pot 3/6',NULL),(138,'Decorated Plant Pot 7/11',NULL),(174,'Decorated Small Cakes',NULL),(227,'Decorated Small Cakes','4 in cases'),(134,'Decorated Wooden Spoon',NULL),(225,'Decorated Wooden Spoon',NULL),(57,'Display In A Watering Can','a floral/foliage exhibit'),(29,'Dwarf Beans','6 pods'),(216,'Embroidery',NULL),(70,'Embroidery/lace','Max size overall 24\"/60cm x18\"/45cm'),(86,'Embroidery/Needlework/Textiles','Age 7-11'),(166,'Fairy Cakes 5',NULL),(157,'Favourite Flower',NULL),(95,'Finger Puppet',NULL),(96,'Finger Puppet','Age 3-6'),(90,'Floating Heads','a floral exhibit'),(204,'Floral Arrangement in a Container','not to exceed 8&quot;/20cm diameter'),(132,'Floral Greeting Card 3/6',NULL),(137,'Floral Greetings Card 7/11',NULL),(25,'Flowering Plant (not in own class)','1 plant any size pot'),(15,'Flowering Shrub(s)','3 Stems'),(66,'Flowers',NULL),(26,'Foliage Plant','1 plant any size pot'),(153,'Fruit Cake',NULL),(208,'Fruit Cake (Any Shape)','not exceeding 9&quot;/23cm'),(20,'Fuchsias','1 bush/shrub type pot max 6&quot;/15cm'),(19,'Fuchsias','1 plant bush/shrub type pot max 8&quot;/20cm'),(18,'Fuchsias','1 plant double any size pot'),(17,'Fuchsias','1 plant trailing any size pot'),(93,'Fun in the Snow',NULL),(229,'Funny Shaped Vegetable',NULL),(164,'Garden Flower Arrangement',NULL),(228,'Garden in a Seed Tray','Max 15x9&quot;/38x23cm'),(136,'Garden in a Seed Tray 7/11',NULL),(24,'Geranium','1 plant any size pot'),(147,'Gooseberries',NULL),(200,'Gooseberries','6 with stalks'),(80,'Greetings Card','Age 3-6 Max Size A5'),(81,'Greetings Card','Age 7-11 Max Size A5'),(77,'Greetings Card','Max Size A5'),(87,'Hanging basket','(max size 12\"/30cm wire or plastic)'),(184,'Hanging basket','max size 12&quot;/30cm'),(222,'Hobby Exhibit','not included in any of the above'),(76,'Hobby Exhibit','not included in any other class'),(161,'Hyacinths',NULL),(212,'Insects',NULL),(162,'Irises',NULL),(205,'Jar Chutney',NULL),(150,'Jar Jam',NULL),(165,'Jar Marmalade',NULL),(145,'Knitting',NULL),(219,'Knitting',NULL),(71,'Knitting/crochet','state if own design'),(144,'Lace',NULL),(218,'Lace',NULL),(190,'Lettuce (cabbage)','1 with roots'),(36,'Lettuce (cabbage)','2'),(191,'Lettuce (other)','1 with roots'),(37,'Lettuce (other)','2'),(149,'Miniature',NULL),(89,'Monochrome','exhibit using flowers of one colour'),(167,'Olympic Theme',NULL),(197,'One Vegetable and One Flower',NULL),(235,'Onions (grown from sets)','3 trimmed to 3&quot;/7.5cm'),(39,'Onions (grown from sets)','6'),(192,'Onions (grown from sets)','6 dressed'),(178,'Onions 3',NULL),(84,'Painted Stone','Age 3-6'),(3,'Pansies','4 blooms'),(21,'Patio Pot','any size pot'),(237,'Peas','3 pods'),(40,'Peas','6 pods'),(14,'Penstemons','3 Stems any variety'),(140,'Photo of my Pet',NULL),(4,'Pinks','4 blooms'),(175,'Plant(s) Grown from Seed',NULL),(163,'Pot Alpine',NULL),(123,'Pot Any Bulb',NULL),(122,'Pot Daffs/Narc',NULL),(126,'Pot Foliage',NULL),(125,'Pot Primula',NULL),(128,'Pot Succulents/Cacti',NULL),(234,'Potatoes','3 of any variety'),(41,'Potatoes','5 of any variety'),(177,'Potatoes 3',NULL),(181,'Potatoes 3 (3-6y)',NULL),(168,'Queens Diamond Jubilee',NULL),(232,'Radishes','3 untrimmed'),(32,'Radishes','5 untrimmed'),(52,'Raspberries','6 with calyx'),(198,'Raspberries','6 with calyx and stalks'),(51,'Redcurrants','3 strings'),(23,'Regal Pelargonium','1 plant any size pot'),(211,'Relections',NULL),(238,'Rhubarb','3 sticks minus leaves'),(45,'Rhubarb','5 sticks minus leaves'),(11,'Roses','1 specimen type'),(8,'Roses','3 blooms H.T. of one cultivar'),(9,'Roses','3 blooms H.T. of two or more cultivars'),(10,'Roses','3 stems floribunda type'),(202,'Royal Event','a floral exhibit in a niche'),(154,'Savoury Quiche',NULL),(209,'Savoury Quiche or Flan','not exceeding 8&quot;/20cm diameter'),(60,'Scones (plain)','5'),(194,'Shallots (over 1.2&quot;/30mm)','9 dressed'),(43,'Shallots (over 30mm)','9'),(193,'Shallots (under 1.2&quot;/30mm)','9 dressed'),(42,'Shallots (under 30mm)','9'),(203,'Sign of the Zodiac','exhibit using flowers of any colour'),(5,'Small Flowers','6 blooms (not to exceed size of GBP2 coin)'),(221,'Small Knitted or Crochet Toy','overall max size 6&quot;15cm'),(139,'Small Vase of Flowers 7/11',NULL),(116,'Society Bulb',NULL),(148,'Somewhere over the rainbow',NULL),(214,'Spring',NULL),(120,'Spring Flowers',NULL),(38,'Spring Onions','6 untrimmed'),(236,'Sprint Onions','3 untrimmed'),(72,'Still Life','Any Medium'),(53,'Strawberries','6 with calyx'),(199,'Strawberries','6 with calyx and stalks'),(27,'Succulents or cacti','in any size pot'),(172,'Sunrise/Sunset',NULL),(1,'Sweet Peas','3 x one cultivar'),(2,'Sweet Peas','6 x two or more cultivars'),(217,'Tapestry',NULL),(92,'Textures',NULL),(46,'Tomatoes','3 with calyx'),(91,'Transport',NULL),(94,'Trees/Shrubs in Flower',NULL),(49,'Two different fresh culinary herbs','1 vase max 3&quot;/7.5cm diam'),(130,'Vase of annuals',NULL),(131,'Vase of any other flowers',NULL),(61,'Victoria Jam Sandwich','7.5&quot;/19cm diameter approx'),(65,'Water',NULL),(210,'White Bread Rolls','6'),(158,'Winter Colour in the Garden',NULL),(68,'Winter Scene',NULL),(67,'Young Animals or Birds','eg. puppies, kittens');
/*!40000 ALTER TABLE `class` ENABLE KEYS */;

--
-- Table structure for table `exhibition`
--

DROP TABLE IF EXISTS `exhibition`;
/*!40101 SET @saved_cs_client     = @@character_set_client */;
/*!40101 SET character_set_client = utf8 */;
CREATE TABLE `exhibition` (
  `ID` int(11) NOT NULL AUTO_INCREMENT,
  `Name` varchar(255) NOT NULL,
  PRIMARY KEY (`ID`),
  UNIQUE KEY `Name` (`Name`)
) ENGINE=InnoDB AUTO_INCREMENT=12 DEFAULT CHARSET=latin1;
/*!40101 SET character_set_client = @saved_cs_client */;

--
-- Dumping data for table `exhibition`
--

/*!40000 ALTER TABLE `exhibition` DISABLE KEYS */;
INSERT INTO `exhibition` VALUES (2,'Spring Show 2009'),(4,'Spring show 2010'),(6,'Spring Show 2011'),(8,'Spring Show 2012'),(10,'Spring Show 2013'),(1,'Summer Show 2008'),(3,'Summer Show 2009'),(5,'Summer Show 2010'),(7,'Summer Show 2011'),(9,'Summer Show 2012'),(11,'Summer Show 2015');
/*!40000 ALTER TABLE `exhibition` ENABLE KEYS */;

--
-- Table structure for table `migration_info`
--

DROP TABLE IF EXISTS `migration_info`;
/*!40101 SET @saved_cs_client     = @@character_set_client */;
/*!40101 SET character_set_client = utf8 */;
CREATE TABLE `migration_info` (
  `version` varchar(255) NOT NULL DEFAULT '0'
) ENGINE=InnoDB DEFAULT CHARSET=latin1;
/*!40101 SET character_set_client = @saved_cs_client */;

--
-- Dumping data for table `migration_info`
--

/*!40000 ALTER TABLE `migration_info` DISABLE KEYS */;
INSERT INTO `migration_info` VALUES ('007');
/*!40000 ALTER TABLE `migration_info` ENABLE KEYS */;

--
-- Table structure for table `exhibitionexhibitor`
--

DROP TABLE IF EXISTS `exhibitionexhibitor`;
/*!40101 SET @saved_cs_client     = @@character_set_client */;
/*!40101 SET character_set_client = utf8 */;
CREATE TABLE `exhibitionexhibitor` (
  `ID` int(11) NOT NULL AUTO_INCREMENT,
  `ExhibitionID` int(11) NOT NULL DEFAULT '7',
  `ExhibitorNumber` int(11) NOT NULL,
  `ExhibitorID` int(11) NOT NULL,
  PRIMARY KEY (`ID`),
  UNIQUE KEY `ExhibitionID` (`ExhibitionID`,`ExhibitorNumber`),
  UNIQUE KEY `ExhibitionID_2` (`ExhibitionID`,`ExhibitorID`),
  KEY `fk_exhibitionexhibitor_exhibition_idx` (`ExhibitionID`),
  KEY `fk_exhibitionexhibitor_exhibitor_idx` (`ExhibitorID`),
  CONSTRAINT `fk_exhibitionexhibitor_exhibition` FOREIGN KEY (`ExhibitionID`) REFERENCES `exhibition` (`ID`) ON DELETE NO ACTION ON UPDATE NO ACTION,
  CONSTRAINT `fk_exhibitionexhibitor_exhibitor` FOREIGN KEY (`ExhibitorID`) REFERENCES `exhibitor` (`ID`) ON DELETE NO ACTION ON UPDATE NO ACTION
) ENGINE=InnoDB AUTO_INCREMENT=444 DEFAULT CHARSET=latin1;
/*!40101 SET character_set_client = @saved_cs_client */;

--
-- Dumping data for table `exhibitionexhibitor`
--

/*!40000 ALTER TABLE `exhibitionexhibitor` DISABLE KEYS */;
INSERT INTO `exhibitionexhibitor` VALUES (1,5,1,1),(2,5,2,2),(3,5,3,3),(4,5,4,4),(5,5,5,5),(6,5,6,6),(7,5,7,7),(8,5,8,8),(9,5,9,9),(10,5,10,10),(11,5,11,11),(12,5,12,12),(13,5,13,13),(14,5,14,14),(15,5,15,15),(16,5,16,16),(17,5,17,17),(18,5,18,18),(19,5,19,19),(20,5,20,20),(21,5,21,21),(22,5,22,22),(23,5,23,23),(24,5,24,26),(25,5,25,29),(26,5,26,28),(27,5,27,30),(28,5,28,31),(29,5,29,32),(30,5,30,33),(31,5,31,34),(32,5,32,35),(33,5,33,36),(34,5,34,37),(35,5,35,38),(36,5,36,39),(37,5,37,40),(38,5,38,41),(39,5,39,42),(40,5,40,43),(41,5,41,44),(42,5,42,45),(43,5,43,46),(44,5,44,47),(45,5,45,48),(46,5,46,49),(47,5,47,53),(48,5,48,51),(49,5,49,52),(50,5,100,54),(51,5,101,55),(52,5,102,56),(53,5,103,57),(54,5,104,58),(55,5,105,59),(56,5,106,60),(57,5,107,61),(58,5,108,62),(59,5,109,63),(60,5,110,64),(61,5,111,65),(62,5,112,66),(63,5,113,67),(64,5,114,68),(65,5,116,69),(66,5,117,70),(67,5,118,71),(68,5,119,72),(69,5,120,73),(70,5,121,74),(71,5,122,75),(72,5,123,76),(73,5,124,77),(74,5,125,78),(75,5,126,79),(76,5,127,80),(77,5,128,81),(78,5,129,83),(79,5,130,84),(80,5,131,85),(81,5,132,86),(82,5,133,87),(83,6,2,92),(84,6,1,91),(85,6,3,93),(86,6,4,94),(87,6,5,95),(88,6,6,96),(89,6,7,97),(90,6,8,98),(91,6,9,99),(92,6,10,100),(93,6,11,101),(94,6,12,102),(95,6,13,103),(96,6,14,104),(97,6,15,105),(98,6,16,106),(99,6,17,107),(100,6,18,108),(101,6,19,109),(102,6,20,110),(103,6,21,111),(104,6,22,112),(105,6,23,113),(106,6,24,114),(107,6,25,115),(108,6,26,116),(109,6,27,117),(110,6,28,118),(111,6,29,119),(112,6,30,120),(113,6,31,121),(114,7,1,1),(115,7,2,14),(116,7,3,17),(117,7,4,105),(118,7,5,6),(119,7,6,5),(120,7,7,13),(121,7,8,12),(122,7,9,18),(123,7,10,106),(124,7,11,43),(125,7,14,7),(126,7,15,16),(127,7,17,32),(128,7,19,31),(129,7,20,11),(130,7,21,30),(131,7,22,21),(132,7,23,23),(133,7,25,28),(134,7,27,39),(135,7,28,10),(136,7,29,22),(137,7,30,34),(138,7,32,20),(139,7,33,40),(140,7,34,47),(141,7,35,19),(142,7,38,120),(143,7,39,36),(144,7,40,45),(145,7,41,44),(146,7,43,100),(147,7,100,57),(148,7,101,66),(149,7,102,67),(150,7,103,68),(151,7,122,63),(152,7,12,122),(153,7,13,123),(154,7,16,124),(155,7,18,125),(156,7,24,126),(157,7,26,127),(158,7,31,128),(159,7,36,129),(160,7,37,130),(161,7,42,131),(162,7,104,133),(163,7,105,134),(164,7,106,135),(165,7,108,136),(166,7,109,137),(167,7,110,138),(168,7,111,139),(169,7,112,140),(170,7,113,141),(171,7,114,142),(172,7,115,143),(173,7,116,144),(174,7,117,145),(175,7,118,146),(176,7,119,147),(177,7,120,148),(178,7,121,149),(179,7,123,150),(180,7,124,151),(181,7,125,152),(182,7,126,153),(183,7,127,154),(184,7,128,155),(185,7,129,156),(186,7,130,157),(187,7,132,158),(188,7,133,159),(189,7,134,160),(190,7,135,161),(191,8,1,20),(192,8,2,44),(193,8,3,46),(194,8,4,96),(195,8,5,102),(196,8,6,101),(197,8,7,163),(198,8,8,18),(199,8,9,93),(200,8,10,6),(201,8,11,105),(202,8,12,43),(203,8,13,45),(204,8,14,108),(205,8,15,164),(206,8,16,103),(207,8,17,110),(208,8,18,109),(209,8,19,117),(210,8,20,31),(211,8,21,120),(212,9,1,105),(213,9,2,165),(214,9,3,6),(215,9,4,167),(216,9,5,7),(217,9,6,1),(218,9,7,33),(219,9,8,123),(220,9,9,2),(221,9,10,168),(222,9,11,166),(223,9,12,169),(224,9,13,89),(225,9,14,11),(226,9,15,20),(227,9,16,16),(228,9,17,18),(229,9,18,30),(230,9,19,170),(231,9,20,96),(232,9,21,31),(233,9,22,160),(234,9,23,28),(235,9,24,109),(236,9,25,42),(237,9,26,171),(238,9,27,172),(239,9,28,113),(240,9,29,173),(241,9,30,174),(242,9,31,175),(243,9,32,38),(244,9,33,39),(245,9,34,125),(246,9,35,108),(247,9,37,176),(248,9,38,40),(249,9,39,177),(250,9,40,19),(251,9,41,43),(252,9,42,22),(253,9,43,48),(254,9,44,100),(255,9,45,37),(256,9,46,36),(257,9,47,178),(258,9,121,179),(260,9,122,180),(262,9,123,183),(263,9,124,184),(265,9,125,185),(266,9,126,186),(267,9,127,187),(269,9,128,159),(270,9,129,188),(271,9,130,156),(272,9,131,189),(273,9,132,157),(274,9,133,190),(275,9,134,158),(276,9,135,191),(277,9,136,192),(278,9,137,60),(279,9,101,193),(280,9,102,194),(281,9,103,195),(282,9,104,196),(283,9,105,197),(284,9,106,198),(285,9,107,199),(286,9,108,200),(287,9,109,201),(288,9,110,202),(289,9,111,203),(290,9,112,204),(291,9,113,205),(292,9,114,206),(293,9,115,207),(295,9,116,208),(296,9,117,209),(297,9,118,210),(298,9,119,211),(299,9,120,212),(300,10,1,6),(301,10,2,20),(302,10,3,9),(303,10,4,97),(304,10,5,18),(305,10,6,19),(306,10,7,21),(307,10,8,93),(308,10,9,45),(309,10,10,44),(310,10,11,108),(311,10,12,100),(312,10,13,214),(313,10,14,103),(314,10,15,42),(315,10,16,31),(316,10,17,101),(317,10,18,118),(318,10,19,120),(319,11,1,123),(321,11,2,13),(323,11,3,12),(324,11,4,215),(325,11,5,18),(326,11,6,216),(327,11,7,217),(329,11,8,219),(330,11,9,221),(331,11,10,222),(332,11,11,223),(333,11,12,224),(334,11,13,225),(335,11,14,226),(336,11,15,227),(337,11,16,32),(338,11,17,228),(339,11,18,229),(340,11,19,39),(341,11,20,230),(342,11,21,231),(343,11,22,31),(344,11,23,232),(345,11,24,21),(346,11,25,173),(347,11,26,233),(348,11,27,28),(349,11,28,234),(350,11,29,235),(351,11,30,236),(352,11,31,237),(353,11,32,238),(354,11,33,239),(355,11,34,240),(356,11,35,33),(357,11,36,243),(358,11,37,244),(359,11,38,245),(360,11,39,48),(361,11,40,246),(362,11,41,247),(363,11,42,2),(364,11,43,248),(365,11,44,249),(366,11,45,50),(367,11,100,251),(368,11,101,252),(370,11,102,254),(371,11,103,255),(372,11,104,256),(373,11,105,257),(374,11,106,258),(375,11,107,259),(376,11,110,260),(377,11,112,261),(378,11,113,262),(379,11,114,263),(380,11,115,264),(381,11,116,265),(382,11,117,266),(383,11,118,267),(384,11,119,268),(386,11,108,269),(387,11,111,270),(388,11,120,271),(389,11,121,272),(390,11,109,273),(391,11,201,274),(392,11,202,275),(393,11,203,276),(394,11,204,277),(395,11,205,278),(396,11,206,279),(397,11,207,280),(398,11,208,281),(399,11,209,282),(400,11,210,283),(401,11,211,284),(402,11,212,285),(403,11,213,286),(404,11,214,287),(405,11,215,288),(406,11,216,289),(407,11,217,290),(408,11,218,291),(409,11,219,292),(410,11,220,293),(411,11,221,294),(412,11,222,295),(413,11,224,296),(414,11,225,297),(415,11,223,298),(416,11,226,299),(417,11,227,300),(418,11,228,301),(419,11,229,302),(420,11,230,303),(421,11,231,304),(422,11,232,305),(423,11,233,306),(424,11,234,307),(425,11,235,308),(426,11,236,309),(427,11,501,310),(428,11,405,311),(429,11,401,312),(430,11,300,313),(431,11,602,314),(432,11,601,315),(433,11,239,316),(434,11,238,317),(435,11,241,318),(436,11,244,319),(437,11,504,320),(438,11,611,321),(439,11,612,322),(440,11,618,323),(441,11,502,324),(442,11,500,325),(443,11,616,326);
/*!40000 ALTER TABLE `exhibitionexhibitor` ENABLE KEYS */;

--
-- Table structure for table `exhibitor`
--

DROP TABLE IF EXISTS `exhibitor`;
/*!40101 SET @saved_cs_client     = @@character_set_client */;
/*!40101 SET character_set_client = utf8 */;
CREATE TABLE `exhibitor` (
  `ID` int(11) NOT NULL AUTO_INCREMENT,
  `Surname` varchar(255) NOT NULL,
  `Member` tinyint(1) NOT NULL DEFAULT '0',
  `Title` varchar(20) DEFAULT NULL,
  `Initials` varchar(20) DEFAULT NULL,
  PRIMARY KEY (`ID`),
  UNIQUE KEY `name` (`Surname`,`Initials`,`Title`)
) ENGINE=InnoDB AUTO_INCREMENT=327 DEFAULT CHARSET=latin1;
/*!40101 SET character_set_client = @saved_cs_client */;

--
-- Dumping data for table `exhibitor`
--

/*!40000 ALTER TABLE `exhibitor` DISABLE KEYS */;
INSERT INTO `exhibitor` VALUES (1,'George',0,'Mr','P'),(2,'Payne',0,'Mrs','S M'),(3,'Clarke',0,'Mrs',NULL),(4,'Lee',0,'Mrs',NULL),(5,'Davey',0,'Mrs',NULL),(6,'Metcalfe',1,'Mrs','E'),(7,'Metcalfe',0,'Mr','A J'),(8,'Bird',0,'Mr','J'),(9,'Wagstaff',0,'Mrs',NULL),(10,'Ginn',0,'Mr',NULL),(11,'West',0,'Mrs',NULL),(12,'Fairey',0,'Mr','B'),(13,'Fairey',0,'Mrs','E R'),(14,'Davidson',0,'Mrs','J'),(15,'Dashwood',0,'Mrs','B'),(16,'Mynott',0,'Mr',NULL),(17,'Davidson',0,'Mr','H'),(18,'Harris',1,'Mrs','P'),(19,'Harris',1,'Mr','D'),(20,'Gray',1,'Mrs','P'),(21,'Kuzminski',1,'Mrs','E'),(22,'Clark',1,'Mrs','S'),(23,'Kuzminski',1,'Mr','A'),(24,'Livermore',0,'Mrs','E'),(25,'Char',0,NULL,NULL),(26,'Livermore',0,'Mr','D'),(27,'Char',0,NULL,NULL),(28,'Hurren',0,'Mr','P'),(29,'Livermore',0,'Mrs',NULL),(30,'Thomas',0,'Mrs','J'),(31,'Campbell',1,'Mrs','J'),(32,'Driver',0,'Mrs','V'),(33,'Watson',0,'Mrs','J'),(34,'Gray',1,'Mr','J'),(35,'Potts',0,'Mrs','F'),(36,'Scott',0,'Mrs','J E'),(37,'Scott',0,'Mr',NULL),(38,'Chalkley',0,'Mrs','P'),(39,'Brierley',0,'Mr',NULL),(40,'Cannon',0,'Mrs',NULL),(41,'Beatie',0,NULL,'J'),(42,'Southwood',0,NULL,'J'),(43,'Ball',1,'Mrs',NULL),(44,'Filby',1,'Mrs','A'),(45,'Filby',1,'Mr',NULL),(46,'Camp',0,NULL,'M'),(47,'Palfreyman',0,'Mrs','J'),(48,'Camp',0,'Mrs','A'),(49,'Hailey',0,'Mrs',NULL),(50,'Palfreyman',0,'Mrs',NULL),(51,'Gammon',0,'Mrs','C R'),(52,'Rusted',0,'Mrs','S'),(53,'Palfreyman',0,'Mr',NULL),(54,'Campbell',0,NULL,'Annabelle'),(55,'Goddard',0,NULL,'Lotte'),(56,'Groves',0,NULL,'Maddy'),(57,'Hughes',0,NULL,'Emily'),(58,'Knight',0,NULL,'Amber'),(59,'Knight',0,NULL,'Jasmine'),(60,'Mills',0,NULL,'Eleanor'),(61,'Lucas',0,NULL,'Zoe'),(62,'Pearce',0,NULL,'Lucy'),(63,'Prior',0,NULL,'Sophie'),(64,'Sell',0,NULL,'Bethany'),(65,'Whinray-Edwards',0,NULL,'Robyn'),(66,'Wilcox',0,NULL,'Ellie'),(67,'Wilcox',0,NULL,'Neave'),(68,'Stokes',0,NULL,'Jade'),(69,'Isabelle',0,NULL,NULL),(70,'Bailey',0,NULL,NULL),(71,'Darragh',0,NULL,NULL),(72,'Elle-May',0,NULL,NULL),(73,'Amy',0,NULL,NULL),(74,'Beth',0,NULL,NULL),(75,'Amelia',0,NULL,NULL),(76,'Matilda',0,NULL,NULL),(77,'Rio',0,NULL,NULL),(78,'Ella',0,NULL,NULL),(79,'Jake',0,NULL,NULL),(80,'Jack',0,NULL,NULL),(81,'Gabriella',0,NULL,NULL),(82,'Raphael',0,NULL,NULL),(83,'Owen',0,NULL,NULL),(84,'Raphael',0,NULL,NULL),(85,'Rhys',0,NULL,NULL),(86,'Summer',0,NULL,NULL),(87,'Jarral',0,NULL,'Z'),(88,'Charsley',0,NULL,'R'),(89,'Charsley',0,NULL,'R'),(90,'Charsley',0,NULL,'N'),(91,'Gray',0,NULL,'Pat'),(92,'Harris',0,NULL,'Pam'),(93,'Charsley',0,NULL,'Rosemary'),(94,'Metcalfe',0,NULL,'Eunice'),(95,'Harris',0,NULL,'Don'),(96,'Smith',0,NULL,'Iris'),(97,'Turner',0,NULL,'Chris'),(98,'Kuzminski',0,NULL,'Adam'),(99,'UNKNOWN',0,NULL,NULL),(100,'Camp',1,NULL,'Mick'),(101,'Willans',0,NULL,'Thelma'),(102,'Kuzminski',0,NULL,'Liz'),(103,'Page',0,NULL,'Mary'),(104,'Camp',0,NULL,'Angela'),(105,'Wagstaff',1,NULL,'Vera'),(106,'Ephgrave',1,NULL,'Barbara'),(107,'Ephgrave',0,NULL,'Martin'),(108,'Collins',0,NULL,'Bobbie'),(109,'Luker',0,NULL,'Martin'),(110,'Luker',0,NULL,'Angela'),(111,'Barker',0,NULL,'Carol'),(112,'Robinson',0,NULL,'Pat'),(113,'Furze',0,NULL,'Helen'),(114,'Gates',0,NULL,'Shirley'),(115,'Harnden',0,NULL,'Monica'),(116,'Hamblin',0,NULL,'Shirley'),(117,'Watson',0,NULL,'Jean'),(118,'Kirke',0,NULL,'Maired'),(119,'Scott',0,NULL,'Karen'),(120,'Scott',1,NULL,'Arthur'),(121,'Hayward',0,NULL,'Janet'),(122,'Mills',0,'Mr','P M'),(123,'Eley',0,'Mrs','D'),(124,'Hoskins',1,'Mrs','J F E'),(125,'Horley',1,'Mrs','S'),(126,'Smart',0,'Mr','R T'),(127,'Ginn',0,'Mrs','A'),(128,'Saville',0,'Mr','D'),(129,'Paxton',0,'Mr','Chris'),(130,'Metcalfe',0,'Mrs','Ann'),(131,'Clark',0,'Mr','P'),(132,'Stokes',0,NULL,'Jade'),(133,'Thomas',0,NULL,'Mary'),(134,'Over',0,NULL,'Francesca'),(135,'Lewis',0,NULL,'Abi'),(136,'Rashid',0,NULL,'Shakirah'),(137,'Parkin',0,NULL,'Lola'),(138,'Lalli',0,NULL,'Gursimran'),(139,'Lalli',0,NULL,'Sukhmani'),(140,'O\'Connor',0,NULL,'Caitlin'),(141,'Lucas',0,NULL,'Amy'),(142,'Williams',0,NULL,'Joshua'),(143,'Baxter',0,NULL,'Eden'),(144,'Hand',0,NULL,'Rosie'),(145,'Jones',0,NULL,'Bettsie'),(146,'Wright',0,NULL,'Charlotte'),(147,'MacDonald',0,NULL,'Samuel'),(148,'Cotterell',0,NULL,'Millie'),(149,'Bennet',0,NULL,'Xander'),(150,'Gillham',0,NULL,'Anna'),(151,'Rees',0,NULL,'Charlotte'),(152,'Macheod',0,NULL,'Isla'),(153,'Briffitt',0,NULL,'Sophie'),(154,'Medland',0,NULL,'Casey'),(155,'Catlin',0,NULL,'Harry'),(156,'St Mary\'s',0,NULL,'Year 5'),(157,'St Mary\'s',0,NULL,'Year 3'),(158,'St Mary\'s',0,NULL,'Year 4'),(159,'St Mary\'s',0,NULL,'Garden Club'),(160,'Mills',0,NULL,'Luke'),(161,'Collison',0,NULL,'Rebecca'),(162,'Charsley',0,'Mr','N.A.'),(163,'Hiorns',1,'Mrs','G'),(164,'Keech',1,'Mrs','G'),(165,'UNKNOWN',0,NULL,NULL),(166,'Churchyard',0,'Mr',NULL),(167,'Pauline',0,NULL,NULL),(168,'Langley',0,'Mr',NULL),(169,'Churchyard',0,'Mrs',NULL),(170,'Brewer',0,'Mrs',NULL),(171,'Barlow',0,'Mrs S',NULL),(172,'Burgess',0,'Miss E',NULL),(173,'Smith',0,'Mrs',NULL),(174,'Metcalf',0,'Mrs',NULL),(175,'Paxton',0,'Mrs',NULL),(176,'Homewood',0,'Mr B',NULL),(177,'Charsley',0,'Mr P',NULL),(178,'Clark',0,'Nobby',NULL),(179,'Year 2 Garden Club',0,'Hartsfield',NULL),(180,'Hartsfield Year 2 Garden Club',0,NULL,NULL),(181,'Hartsfield Year 2 Garden Club',0,NULL,NULL),(182,'Garden Club',0,NULL,NULL),(183,'Garden Club',0,'Hartsfield Year 2',NULL),(184,'2 Garden Club',0,'Hartsfield Year',NULL),(185,'Club',0,'Hartsfield Year 2 Ga',NULL),(186,'St Marys',0,'Year 6',NULL),(187,'Marys',0,'Year 6 St',NULL),(188,'Club St Marys',0,'Garden',NULL),(189,'Marys',0,'Year 5 St',NULL),(190,'Marys',0,'Year 3 St',NULL),(191,'Marys',0,'Year 4 St',NULL),(192,'Homewood',0,'Mr','J'),(193,'Bingham',0,'Samia',NULL),(194,'Calver',0,'Summer',NULL),(195,'Lucas',0,'Amy',NULL),(196,'Ramsey',0,'Isabel',NULL),(197,'Strickland',0,'Ebrielle',NULL),(198,'Thomas',0,'Daisy',NULL),(199,'McGinley',0,'Poppy',NULL),(200,'Hobon',0,'Annabel',NULL),(201,'Bramwell',0,'Emily',NULL),(202,'McAdam',0,'Kian',NULL),(203,'Birch',0,'Izzy',NULL),(204,'McNaught',0,'Charlie',NULL),(205,'Rook',0,'Adela',NULL),(206,'Davis',0,'Cerys',NULL),(207,'Bates',0,'Daniel',NULL),(208,'Racher',0,'Daisy',NULL),(209,'Lalli',0,'Umber',NULL),(210,'Jones',0,'Brooke',NULL),(211,'Nursery',0,'Weston',NULL),(212,'Weston Nursery',0,NULL,NULL),(213,'Kendall',0,NULL,NULL),(214,'Kendall',0,NULL,'Sandra'),(215,'Cass',0,'Mrs',NULL),(216,'Kavanagh',0,'Mr',NULL),(217,'Briant',0,'Mrs',NULL),(218,'Briant',0,'Mrs',NULL),(219,'Emetcalf',0,'Mrs',NULL),(220,'Sumner',0,'Mr','A'),(221,'Sumner',0,'Mrs','A'),(222,'Clark',0,'Mrs',NULL),(223,'Tofts',0,NULL,'J'),(224,'Davidson',0,'Mrs',NULL),(225,'Davidson',0,'Mr',NULL),(226,'Bladon',0,'Mr',NULL),(227,'Vallis',0,'Mrs',NULL),(228,'Churchyard',0,'Mrs',NULL),(229,'Churchyard',0,'Mr',NULL),(230,'Brierley',0,'Mrs','K'),(231,'Cook',0,'Mrs',NULL),(232,'Chilvers',0,'Mr',NULL),(233,'Mills',0,'Mr',NULL),(234,'Gatward',0,'Mr',NULL),(235,'Kendall',0,NULL,'Mrs'),(236,'Mynott',0,'Mr',NULL),(237,'Potts',0,'Mrs',NULL),(238,'Thomas',0,'Miss','J'),(239,'Wagstaff',0,NULL,'V'),(240,'Keech',0,NULL,'G'),(243,'Scott',0,'Mrs','K'),(244,'Jackson',0,'Mr','R'),(245,'Jackson',0,'Mrs','W'),(246,'Newton',0,NULL,'L'),(247,'Scott',0,'Mr','A'),(248,'Price',0,'Mrs','J'),(249,'Layton',0,'Mrs',NULL),(250,'Roberts',0,NULL,NULL),(251,'Roberts',0,NULL,'E'),(252,'Turne',0,NULL,'D'),(253,'Turne',0,NULL,'D'),(254,'Hall',0,NULL,'F'),(255,'Katum',0,NULL,'A'),(256,'Poppy',0,NULL,NULL),(257,'Russell',0,NULL,'E'),(258,'Mullen',0,NULL,'C'),(259,'Berry',0,'R',NULL),(260,'Jankousbi',0,NULL,'J'),(261,'Crisp',0,NULL,'H'),(262,'Elliott',0,NULL,'T'),(263,'Honeywill',0,NULL,'L'),(264,'Wright',0,NULL,'E'),(265,'McDonnell',0,NULL,'R'),(266,'Cantor',0,NULL,'O'),(267,'Hurd',0,NULL,'S'),(268,'Jackson',0,NULL,'K'),(269,'Blaks',0,NULL,'C'),(270,'Wong',0,NULL,'I'),(271,'Stone',0,NULL,'C'),(272,'Weston Way Nursery School',0,NULL,NULL),(273,'Forsdike',0,NULL,'E'),(274,'Oram',0,NULL,'C'),(275,'James',0,NULL,'K'),(276,'Park',0,NULL,'E'),(277,'Impey',0,NULL,'M'),(278,'O\'Brien',0,NULL,'C'),(279,'Brantugor',0,NULL,'L'),(280,'Backhouse',0,NULL,'E'),(281,'Rogers',0,NULL,'A'),(282,'Piatska',0,NULL,'J'),(283,'Bilski',0,NULL,'S'),(284,'Lynch',0,NULL,'O'),(285,'White',0,NULL,'N'),(286,'Weller',0,NULL,'B'),(287,'Jackson',0,NULL,'J'),(288,'Roberts',0,NULL,NULL),(289,'Hartsfield School KS2',0,NULL,NULL),(290,'Briant',0,NULL,'K'),(291,'Lawley',0,NULL,'I'),(292,'Deshmukh',0,NULL,'A'),(293,'Holmes',0,NULL,'R'),(294,'Roberts',0,NULL,'J'),(295,'Roberts',0,NULL,'E'),(296,'Ince',0,NULL,'C'),(297,'Collbeck-Davies',0,NULL,'T'),(298,'Briant',0,NULL,'K'),(299,'Mullen',0,NULL,'J'),(300,'Gasbell',0,NULL,'D'),(301,'Cotterell',0,NULL,'M'),(302,'Bennison',0,NULL,'E'),(303,'Nanda',0,NULL,'I'),(304,'Kitchener',0,NULL,'O'),(305,'Campbell',0,NULL,'A'),(306,'Backhouse',0,NULL,'L'),(307,'Wilcox',0,NULL,NULL),(308,'Bennison',0,NULL,'C'),(309,'Hartsfield school KS1',0,NULL,NULL),(310,'Briant',0,NULL,'B'),(311,'Wickham',0,NULL,'B'),(312,'St Mary\'s Junior Garden Club',0,NULL,NULL),(313,'St John\'s Garden Club',0,NULL,NULL),(314,'Witherley',0,NULL,'E'),(315,'Jefferies',0,NULL,'P'),(316,'Long',0,NULL,'E'),(317,'Butt',0,NULL,'O'),(318,'Savill',0,NULL,'F'),(319,'Bridstrup',0,NULL,'L'),(320,'Collinson',0,NULL,'R'),(321,'Calves',0,NULL,'S'),(322,'D\'Onofria',0,NULL,'D'),(323,'Scott',0,NULL,'A'),(324,'Briant',0,NULL,'K'),(325,'Briggs',0,NULL,'H'),(326,'Holm',0,NULL,'E');
/*!40000 ALTER TABLE `exhibitor` ENABLE KEYS */;

--
-- Table structure for table `exhibitionclassprize`
--

DROP TABLE IF EXISTS `exhibitionclassprize`;
/*!40101 SET @saved_cs_client     = @@character_set_client */;
/*!40101 SET character_set_client = utf8 */;
CREATE TABLE `exhibitionclassprize` (
  `ID` int(11) NOT NULL AUTO_INCREMENT,
  `ExhibitionClassID` int(11) NOT NULL,
  `PrizeID` int(11) NOT NULL,
  `Prize` decimal(10,2) DEFAULT NULL,
  `Points` int(11) DEFAULT NULL,
  `ExhibitionExhibitorID` int(11) DEFAULT NULL,
  PRIMARY KEY (`ID`),
  KEY `fk_exhibitionclassprize_prize_idx` (`PrizeID`),
  KEY `fk_exhibitionclassprize_exhibitionclass_idx` (`ExhibitionClassID`),
  KEY `fk_exhibitionclassprize_exhibitionexhibitor_idx` (`ExhibitionExhibitorID`),
  CONSTRAINT `fk_exhibitionclassprize_exhibitionclass` FOREIGN KEY (`ExhibitionClassID`) REFERENCES `exhibitionclass` (`ID`) ON DELETE NO ACTION ON UPDATE NO ACTION,
  CONSTRAINT `fk_exhibitionclassprize_exhibitionexhibitor` FOREIGN KEY (`ExhibitionExhibitorID`) REFERENCES `exhibitionexhibitor` (`ID`) ON DELETE NO ACTION ON UPDATE NO ACTION,
  CONSTRAINT `fk_exhibitionclassprize_prize` FOREIGN KEY (`PrizeID`) REFERENCES `prize` (`ID`) ON DELETE NO ACTION ON UPDATE NO ACTION
) ENGINE=InnoDB AUTO_INCREMENT=2124 DEFAULT CHARSET=latin1;
/*!40101 SET character_set_client = @saved_cs_client */;

--
-- Dumping data for table `exhibitionclassprize`
--

/*!40000 ALTER TABLE `exhibitionclassprize` DISABLE KEYS */;
INSERT INTO `exhibitionclassprize` VALUES (95,97,1,1.50,15,33),(96,97,2,1.00,10,34),(97,1,1,1.50,15,1),(98,1,2,1.00,10,12),(99,1,3,0.50,5,15),(100,2,1,1.50,15,2),(101,2,2,1.00,10,14),(102,2,3,0.50,5,19),(103,3,1,1.50,15,3),(104,3,2,1.00,10,16),(105,4,2,1.00,10,11),(106,4,3,0.50,5,20),(107,5,1,1.50,15,4),(109,5,3,0.50,5,21),(110,6,1,1.50,15,5),(112,6,3,0.50,5,18),(114,7,3,0.50,5,15),(124,5,2,1.00,10,17),(132,7,2,1.00,10,14),(134,8,1,1.50,15,6),(135,8,2,1.00,10,16),(136,8,3,0.50,5,19),(140,6,2,1.00,10,13),(142,9,1,1.50,15,7),(143,9,2,1.00,10,12),(144,10,1,1.50,15,8),(145,10,2,1.00,10,11),(146,10,3,0.50,5,20),(147,11,1,1.50,15,9),(148,11,2,1.00,10,16),(149,11,3,0.50,5,21),(151,12,3,0.50,5,18),(152,13,1,1.50,15,10),(153,13,2,1.00,10,16),(154,13,3,0.50,5,15),(188,153,1,1.00,3,7),(189,153,2,0.80,2,39),(190,153,3,0.50,1,45),(191,154,1,1.00,3,28),(192,154,2,0.80,2,7),(193,154,3,0.50,1,39),(194,155,1,1.00,3,37),(195,155,2,0.80,2,27),(196,156,1,1.00,3,6),(197,156,2,0.80,2,28),(198,156,3,0.50,1,27),(199,166,1,1.00,3,74),(200,166,2,0.80,2,73),(201,166,3,0.50,1,79),(202,167,1,1.00,3,82),(203,169,1,1.00,3,82),(204,171,1,1.00,3,82),(205,172,1,1.00,3,61),(206,172,2,0.80,2,54),(207,172,3,0.50,1,59),(208,173,1,1.00,3,82),(209,174,1,1.00,3,82),(210,161,1,1.00,3,30),(211,161,2,0.80,2,48),(212,161,3,0.50,1,37),(213,162,1,1.00,3,48),(214,162,2,0.80,2,46),(215,162,3,0.50,1,30),(216,163,1,1.00,3,11),(217,163,2,0.80,2,46),(218,163,3,0.50,1,9),(219,164,1,1.00,3,48),(220,164,2,0.80,2,38),(221,164,3,0.50,1,11),(222,165,1,1.00,3,5),(223,165,2,0.80,2,4),(224,165,3,0.50,1,22),(225,116,1,1.00,3,10),(226,116,2,0.80,2,12),(227,116,3,0.50,1,43),(228,117,1,1.00,3,10),(229,117,2,0.80,2,17),(230,117,3,0.50,1,26),(231,118,1,1.00,3,26),(232,118,2,0.80,2,17),(233,118,3,0.50,1,23),(234,119,1,1.00,3,10),(235,119,2,0.80,2,17),(236,121,1,1.00,3,10),(237,121,2,0.80,2,17),(238,123,1,1.00,3,12),(239,123,2,0.80,2,17),(240,123,3,0.50,1,22),(241,124,1,1.00,3,17),(242,125,1,1.00,3,47),(243,125,2,0.80,2,17),(244,126,1,1.00,3,17),(245,127,1,1.00,3,16),(246,127,2,0.80,2,17),(247,128,1,1.00,3,17),(248,129,1,1.00,3,16),(249,129,2,0.80,2,26),(250,129,3,0.50,1,41),(251,130,1,1.00,3,26),(252,130,2,0.80,2,16),(253,130,3,0.50,1,17),(254,131,1,1.00,3,26),(255,131,2,0.80,2,16),(256,131,3,0.50,1,17),(257,132,1,1.00,3,17),(258,132,2,0.80,2,19),(259,133,1,1.00,3,27),(260,133,2,0.80,2,16),(261,133,3,0.50,1,17),(262,134,1,1.00,3,24),(263,134,2,0.80,2,26),(264,135,1,1.00,3,18),(265,135,2,0.80,2,43),(266,136,1,1.00,3,16),(267,136,2,0.80,2,24),(268,136,3,0.50,1,12),(269,137,1,1.00,3,17),(270,137,2,0.80,2,43),(271,137,3,0.50,1,47),(272,138,1,1.00,3,27),(273,138,2,0.80,2,17),(274,139,1,1.00,3,43),(275,139,2,0.80,2,12),(276,141,1,1.00,3,16),(277,142,1,1.00,3,12),(278,142,2,0.80,2,36),(279,142,3,0.50,1,43),(280,143,1,1.00,3,32),(281,143,2,0.80,2,28),(282,143,3,0.50,1,27),(283,144,1,1.00,3,28),(284,144,2,0.80,2,49),(285,144,3,0.50,1,32),(286,145,1,1.00,3,27),(287,145,2,0.80,2,32),(288,145,3,0.50,1,37),(289,157,1,1.00,3,2),(290,157,2,0.80,2,40),(291,157,3,0.50,1,34),(292,158,1,1.00,3,2),(293,158,2,0.80,2,13),(294,159,1,1.00,3,40),(295,159,2,0.80,2,2),(296,160,1,1.00,3,33),(297,160,2,0.80,2,13),(298,160,3,0.50,1,40),(299,146,1,1.00,3,43),(300,146,2,0.80,2,14),(301,146,3,0.50,1,5),(302,147,1,1.00,3,35),(303,147,2,0.80,2,14),(304,147,3,0.50,1,32),(305,148,1,1.00,3,28),(306,148,2,0.80,2,22),(307,148,3,0.50,1,35),(308,149,1,1.00,3,35),(309,149,2,0.80,2,22),(310,149,3,0.50,1,49),(311,150,1,1.00,3,35),(312,150,2,0.80,2,13),(313,150,3,0.50,1,14),(314,151,1,1.00,3,18),(315,151,2,0.80,2,28),(316,151,3,0.50,1,32),(317,152,1,1.00,3,18),(318,152,2,0.80,2,27),(319,152,3,0.50,1,13),(324,89,1,1.00,3,27),(334,87,1,1.00,3,26),(335,88,1,1.00,3,26),(336,88,3,0.50,1,32),(337,90,1,1.00,3,6),(338,90,2,0.80,2,17),(339,90,3,0.50,1,27),(340,91,1,1.00,3,20),(341,91,2,0.80,2,18),(342,91,3,0.50,1,27),(343,92,1,1.00,3,18),(344,92,2,0.80,2,20),(345,92,3,0.50,1,19),(346,93,1,1.00,3,18),(347,93,2,0.80,2,39),(348,93,3,0.50,1,27),(349,94,1,1.00,3,16),(350,95,1,1.00,3,16),(351,95,2,0.80,2,32),(352,96,1,1.00,3,16),(353,96,2,0.80,2,28),(354,98,1,1.00,3,16),(355,98,2,0.80,2,32),(356,98,3,0.50,1,24),(357,99,1,1.00,3,20),(358,99,2,0.80,2,31),(359,100,1,1.00,3,8),(360,100,2,0.80,2,41),(361,100,3,0.50,1,28),(362,101,2,0.80,2,27),(363,102,1,1.00,3,32),(364,102,2,0.80,2,41),(365,102,3,0.50,1,16),(366,103,1,1.00,3,8),(367,103,2,0.80,2,12),(368,104,1,1.00,3,19),(369,104,2,0.80,2,18),(370,104,3,0.50,1,37),(371,105,1,1.00,3,18),(372,105,2,0.80,2,26),(373,106,1,1.00,3,18),(374,106,2,0.80,2,1),(375,106,3,0.50,1,19),(376,107,1,1.00,3,1),(377,107,2,0.80,2,19),(378,107,3,0.50,1,18),(379,108,1,1.00,3,18),(380,108,2,0.80,2,19),(381,108,3,0.50,1,6),(382,109,1,1.00,3,18),(383,109,2,0.80,2,26),(384,109,3,0.50,1,42),(385,110,1,1.00,3,28),(386,110,2,0.80,2,16),(387,111,1,1.00,3,18),(388,112,1,1.00,3,1),(389,112,2,0.80,2,34),(390,112,3,0.50,1,18),(391,113,1,1.00,3,17),(392,113,2,0.80,2,26),(393,113,3,0.50,1,27),(394,114,1,1.00,3,21),(395,114,2,0.80,2,27),(396,114,3,0.50,1,20),(397,115,1,1.00,3,6),(398,115,2,0.80,2,27),(399,115,3,0.50,1,34),(403,207,1,3.00,3,88),(404,207,2,2.00,2,105),(405,207,3,1.00,1,86),(406,206,1,3.00,3,101),(407,206,2,2.00,2,85),(408,206,3,1.00,1,107),(409,205,1,3.00,3,103),(410,205,2,2.00,2,88),(411,204,1,3.00,3,102),(412,204,2,2.00,2,97),(413,204,3,1.00,1,84),(414,203,1,3.00,3,110),(415,203,2,2.00,2,102),(416,202,1,3.00,3,103),(417,201,1,3.00,3,92),(418,201,2,2.00,2,112),(419,175,1,3.00,3,106),(420,175,2,2.00,2,113),(421,175,3,1.00,1,84),(422,177,1,3.00,3,92),(423,177,2,2.00,2,85),(424,177,3,1.00,1,84),(425,178,1,3.00,3,92),(426,178,2,2.00,2,84),(427,178,3,1.00,1,83),(428,179,1,3.00,3,83),(429,179,2,2.00,2,84),(430,180,1,3.00,3,84),(431,182,1,3.00,3,89),(432,182,2,2.00,2,93),(433,182,3,1.00,1,84),(434,184,1,3.00,3,84),(435,184,2,2.00,2,112),(436,184,3,1.00,1,83),(437,186,1,3.00,3,83),(438,186,2,2.00,2,86),(439,186,3,1.00,1,84),(440,187,1,3.00,3,83),(441,187,2,2.00,2,84),(442,187,3,1.00,1,112),(443,188,1,3.00,3,84),(444,191,1,3.00,3,84),(445,191,2,2.00,2,86),(446,191,3,1.00,1,93),(447,192,1,3.00,3,93),(448,192,2,2.00,2,92),(449,192,3,1.00,1,87),(450,193,1,3.00,3,96),(451,194,1,3.00,3,109),(452,194,2,2.00,2,104),(453,194,3,1.00,1,98),(454,195,3,1.00,1,88),(455,196,1,3.00,3,92),(456,196,2,2.00,2,83),(457,197,1,3.00,3,93),(458,197,2,2.00,2,88),(459,197,3,1.00,1,86),(460,198,1,3.00,3,88),(461,198,2,2.00,2,100),(462,198,3,1.00,1,86),(463,199,1,3.00,3,85),(464,199,2,2.00,2,84),(465,200,1,3.00,3,85),(466,200,2,2.00,2,103),(467,200,3,1.00,1,86),(471,273,1,1.00,3,139),(472,275,1,1.00,3,129),(473,276,1,1.00,3,157),(474,277,1,1.00,3,117),(475,277,2,0.80,2,129),(476,277,3,0.50,1,123),(477,278,1,1.00,3,117),(478,279,1,1.00,3,121),(479,279,2,0.80,2,136),(480,280,1,1.00,3,157),(481,280,2,0.80,2,136),(482,280,3,0.50,1,118),(483,298,1,1.00,3,159),(484,298,2,0.80,2,117),(485,298,3,0.50,1,130),(486,299,1,1.00,3,132),(487,299,2,0.80,2,117),(488,299,3,0.50,1,128),(489,300,1,1.00,3,118),(490,300,2,0.80,2,140),(491,300,3,0.50,1,131),(492,301,1,1.00,3,128),(493,301,2,0.80,2,139),(494,301,3,0.50,1,123),(495,237,1,1.00,3,190),(496,238,1,1.00,3,169),(497,238,2,0.80,2,149),(498,238,3,0.50,1,167),(499,239,1,1.00,3,181),(500,239,2,0.80,2,175),(501,239,3,0.50,1,178),(502,208,1,1.00,3,133),(503,209,1,1.00,3,133),(504,210,1,1.00,3,133),(505,210,2,0.80,2,122),(506,210,3,0.50,1,130),(507,211,1,1.00,3,118),(508,211,2,0.80,2,133),(509,212,1,1.00,3,128),(510,212,2,0.80,2,155),(513,212,3,0.50,1,138),(514,213,1,1.00,3,155),(515,213,2,0.80,2,140),(516,213,3,0.50,1,138),(517,214,1,1.00,3,138),(518,214,2,0.80,2,122),(519,214,3,0.50,1,130),(520,215,1,1.00,3,138),(521,215,2,0.80,2,126),(522,216,1,1.00,3,126),(523,217,1,1.00,3,128),(524,217,3,0.50,1,126),(525,218,1,1.00,3,138),(526,218,2,0.80,2,128),(527,218,3,0.50,1,155),(528,219,1,1.00,3,138),(529,219,2,0.80,2,137),(530,219,3,0.50,1,159),(531,220,1,1.00,3,140),(532,220,2,0.80,2,155),(533,220,3,0.50,1,126),(534,221,2,0.80,2,118),(535,222,1,1.00,3,123),(536,222,2,0.80,2,118),(537,222,3,0.50,1,124),(538,223,1,1.00,3,126),(539,223,2,0.80,2,122),(540,224,1,1.00,3,122),(541,224,2,0.80,2,114),(542,225,1,1.00,3,122),(543,225,2,0.80,2,130),(544,226,1,1.00,3,114),(545,226,3,0.50,1,122),(546,227,1,1.00,3,114),(547,227,2,0.80,2,122),(548,228,1,1.00,3,139),(549,228,2,0.80,2,143),(550,228,3,0.50,1,114),(551,229,1,1.00,3,133),(552,229,2,0.80,2,122),(553,229,3,0.50,1,130),(554,230,1,1.00,3,122),(555,230,2,0.80,2,140),(556,231,1,1.00,3,140),(557,231,2,0.80,2,141),(558,231,3,0.50,1,122),(559,232,1,1.00,3,135),(560,232,2,0.80,2,130),(561,232,3,0.50,1,142),(562,233,1,1.00,3,123),(563,233,2,0.80,2,144),(564,233,3,0.50,1,121),(565,234,1,1.00,3,131),(566,234,2,0.80,2,117),(567,234,3,0.50,1,130),(568,235,1,1.00,3,122),(569,235,2,0.80,2,143),(570,235,3,0.50,1,130),(571,287,1,1.00,3,140),(572,287,2,0.80,2,128),(573,287,3,0.50,1,120),(574,288,1,1.00,3,159),(575,288,2,0.80,2,140),(576,288,3,0.50,1,128),(577,289,1,1.00,3,127),(578,289,2,0.80,2,154),(579,289,3,0.50,1,130),(580,302,1,1.00,3,124),(581,302,2,0.80,2,161),(582,303,1,1.00,3,143),(583,305,1,1.00,3,142),(584,305,2,0.80,2,124),(585,304,1,1.00,3,154),(586,304,2,0.80,2,124),(587,304,3,0.50,1,143),(588,245,1,1.00,3,189),(589,245,2,0.80,2,185),(590,250,1,1.00,3,186),(591,250,2,0.80,2,187),(592,250,3,0.50,1,189),(593,290,1,1.00,3,146),(594,290,2,0.80,2,156),(595,290,3,0.50,1,136),(596,291,1,1.00,3,122),(597,291,2,0.80,2,120),(598,291,3,0.50,1,115),(599,292,1,1.00,3,139),(600,292,2,0.80,2,136),(601,292,3,0.50,1,120),(602,293,1,1.00,3,128),(603,293,2,0.80,2,136),(604,293,3,0.50,1,115),(605,294,1,1.00,3,115),(606,294,2,0.80,2,124),(607,294,3,0.50,1,122),(608,295,1,1.00,3,122),(609,295,2,0.80,2,120),(610,295,3,0.50,1,123),(611,296,1,1.00,3,127),(612,296,2,0.80,2,122),(613,296,3,0.50,1,118),(614,297,1,1.00,3,122),(615,297,2,0.80,2,128),(616,297,3,0.50,1,120),(617,251,1,1.00,3,121),(618,251,2,0.80,2,126),(619,251,3,0.50,1,156),(620,252,1,1.00,3,137),(621,252,2,0.80,2,133),(622,253,1,1.00,3,133),(623,253,2,0.80,2,135),(624,253,3,0.50,1,116),(625,254,1,1.00,3,146),(626,254,2,0.80,2,156),(627,254,3,0.50,1,135),(628,255,1,1.00,3,126),(629,255,2,0.80,2,116),(631,256,2,0.80,2,189),(633,257,1,1.00,3,116),(634,257,2,0.80,2,135),(635,257,3,0.50,1,136),(636,258,1,1.00,3,121),(637,258,2,0.80,2,116),(638,258,3,0.50,1,133),(639,259,1,1.00,3,116),(640,260,1,1.00,3,136),(641,260,2,0.80,2,116),(642,261,1,1.00,3,116),(643,262,1,1.00,3,116),(644,262,2,0.80,2,156),(645,263,1,1.00,3,135),(646,263,2,0.80,2,116),(647,263,3,0.50,1,156),(648,264,1,1.00,3,126),(649,264,2,0.80,2,152),(650,264,3,0.50,1,133),(651,265,1,1.00,3,126),(652,265,2,0.80,2,133),(653,265,3,0.50,1,116),(654,266,1,1.00,3,116),(655,266,2,0.80,2,126),(656,266,3,0.50,1,133),(657,267,1,1.00,3,116),(658,267,2,0.80,2,140),(659,267,3,0.50,1,156),(660,268,1,1.00,3,130),(661,268,2,0.80,2,156),(662,268,3,0.50,1,134),(663,269,1,1.00,3,144),(664,269,2,0.80,2,145),(665,269,3,0.50,1,133),(666,271,1,1.00,3,133),(667,271,2,0.80,2,116),(668,271,3,0.50,1,126),(669,272,1,1.00,3,116),(670,272,2,0.80,2,128),(671,272,3,0.50,1,140),(672,281,1,1.00,3,130),(673,282,1,1.00,3,126),(674,283,1,1.00,3,126),(675,283,2,0.80,2,136),(676,284,1,1.00,3,116),(677,285,1,1.00,3,161),(678,285,2,0.80,2,126),(679,286,1,1.00,3,116),(680,286,2,0.80,2,121),(681,286,3,0.50,1,134),(686,256,1,1.00,3,135),(688,256,3,0.50,1,116),(746,417,1,3.00,3,232),(747,417,2,2.00,2,229),(748,417,3,1.00,1,236),(749,418,1,3.00,3,214),(750,418,2,2.00,2,212),(751,418,3,1.00,1,236),(752,419,1,3.00,3,236),(753,419,2,2.00,2,248),(754,420,1,3.00,3,245),(755,420,2,2.00,2,221),(756,420,3,1.00,1,214),(757,344,1,3.00,3,234),(758,344,3,1.00,1,226),(759,345,1,3.00,3,234),(760,346,1,3.00,3,228),(761,346,2,2.00,2,229),(762,347,1,3.00,3,253),(763,347,2,2.00,2,234),(764,347,3,1.00,1,254),(765,348,1,3.00,3,226),(766,348,2,2.00,2,244),(767,348,3,1.00,1,228),(768,349,1,3.00,3,245),(769,349,2,2.00,2,250),(770,349,3,1.00,1,227),(771,350,1,3.00,3,228),(772,350,2,2.00,2,250),(773,350,3,1.00,1,242),(774,351,1,3.00,3,227),(775,351,2,2.00,2,226),(776,352,1,3.00,3,227),(777,353,1,3.00,3,232),(778,353,2,2.00,2,251),(779,353,3,1.00,1,227),(780,354,1,3.00,3,227),(781,354,2,2.00,2,232),(782,354,3,1.00,1,251),(783,355,1,3.00,3,226),(784,355,2,2.00,2,224),(785,356,1,3.00,3,246),(786,356,2,2.00,2,232),(787,356,3,1.00,1,226),(788,357,1,3.00,3,227),(789,357,2,2.00,2,212),(790,357,3,1.00,1,229),(791,358,1,3.00,3,237),(792,358,2,2.00,2,229),(793,358,3,1.00,1,214),(794,360,1,3.00,3,228),(795,360,2,2.00,2,242),(796,360,3,1.00,1,229),(797,361,1,3.00,3,228),(798,361,3,1.00,1,229),(799,362,1,3.00,3,228),(800,362,2,2.00,2,234),(801,363,1,3.00,3,234),(802,363,2,2.00,2,228),(803,364,1,3.00,3,229),(804,364,2,2.00,2,214),(805,364,3,1.00,1,248),(806,365,1,3.00,3,228),(807,365,2,2.00,2,234),(808,405,1,3.00,3,228),(809,368,1,3.00,3,242),(810,368,2,2.00,2,219),(811,368,3,1.00,1,229),(812,369,1,3.00,3,234),(813,369,2,2.00,2,256),(814,369,3,1.00,1,212),(815,370,1,3.00,3,224),(816,370,2,2.00,2,237),(817,370,3,1.00,1,229),(818,406,1,3.00,3,237),(819,406,2,2.00,2,229),(820,406,3,1.00,1,257),(821,372,1,3.00,3,227),(822,372,2,2.00,2,224),(823,372,3,1.00,1,249),(824,374,1,3.00,3,221),(825,374,2,2.00,2,247),(826,374,3,1.00,1,227),(827,375,1,3.00,3,254),(828,376,1,3.00,3,252),(829,377,1,3.00,3,233),(830,379,1,3.00,3,224),(831,379,2,2.00,2,221),(832,381,1,3.00,3,254),(833,382,1,3.00,3,227),(834,383,1,3.00,3,235),(835,383,2,2.00,2,224),(836,407,1,3.00,3,247),(837,407,2,2.00,2,227),(838,407,3,1.00,1,226),(839,385,1,3.00,3,247),(840,385,2,2.00,2,234),(841,385,3,1.00,1,233),(842,386,1,3.00,3,234),(843,386,2,2.00,2,227),(844,408,1,3.00,3,227),(845,408,2,2.00,2,234),(846,388,1,3.00,3,247),(847,388,2,2.00,2,224),(848,388,3,1.00,1,254),(849,409,1,3.00,3,224),(850,409,2,2.00,2,229),(851,412,1,3.00,3,254),(852,412,2,2.00,2,224),(853,412,3,1.00,1,234),(854,413,1,3.00,3,224),(855,413,2,2.00,2,227),(856,413,3,1.00,1,232),(857,390,1,3.00,3,224),(858,390,2,2.00,2,237),(859,391,1,3.00,3,227),(860,391,2,2.00,2,237),(861,391,3,1.00,1,252),(862,392,1,3.00,3,228),(863,392,2,2.00,2,227),(864,392,3,1.00,1,252),(865,394,1,3.00,3,237),(866,394,2,2.00,2,227),(867,394,3,1.00,1,254),(868,395,1,3.00,3,227),(869,395,2,2.00,2,247),(870,395,3,1.00,1,224),(871,414,1,3.00,3,232),(872,414,2,2.00,2,242),(873,414,3,1.00,1,229),(874,415,1,3.00,3,242),(875,415,2,2.00,2,229),(876,415,3,1.00,1,219),(877,416,1,3.00,3,229),(878,416,2,2.00,2,232),(879,416,3,1.00,1,241),(880,396,1,3.00,3,238),(881,396,2,2.00,2,254),(882,396,3,1.00,1,237),(883,397,1,3.00,3,240),(884,397,2,2.00,2,254),(885,397,3,1.00,1,226),(886,398,1,3.00,3,228),(887,398,2,2.00,2,238),(888,398,3,1.00,1,243),(889,399,1,3.00,3,238),(890,399,2,2.00,2,212),(891,399,3,1.00,1,252),(892,400,1,3.00,3,238),(893,400,2,2.00,2,228),(894,400,3,1.00,1,243),(895,401,1,3.00,3,238),(896,401,2,2.00,2,243),(897,401,3,1.00,1,252),(898,403,1,3.00,3,253),(899,403,2,2.00,2,252),(900,403,3,1.00,1,228),(901,402,1,3.00,3,252),(902,402,2,2.00,2,228),(903,402,3,1.00,1,243),(904,404,1,3.00,3,232),(905,404,2,2.00,2,238),(906,404,3,1.00,1,253),(907,421,1,3.00,3,239),(908,421,2,2.00,2,251),(909,421,3,1.00,1,257),(910,422,1,3.00,3,220),(911,422,2,2.00,2,256),(912,423,1,3.00,3,220),(913,423,2,2.00,2,251),(914,423,3,1.00,1,255),(915,424,1,3.00,3,220),(916,424,2,2.00,2,222),(917,424,3,1.00,1,240),(918,450,1,3.00,3,248),(919,450,2,2.00,2,253),(920,450,3,1.00,1,218),(921,426,1,3.00,3,218),(922,428,1,3.00,3,225),(923,428,2,2.00,2,231),(924,428,3,1.00,1,212),(925,429,1,3.00,3,225),(926,429,2,2.00,2,223),(927,429,3,1.00,1,212),(928,430,1,3.00,3,252),(929,430,2,2.00,2,230),(930,430,3,1.00,1,221),(931,451,1,3.00,3,279),(932,451,2,2.00,2,282),(933,451,3,1.00,1,284),(934,436,1,3.00,3,286),(935,436,2,2.00,2,291),(936,436,3,1.00,1,290),(937,437,1,3.00,3,278),(938,442,1,3.00,3,277),(939,443,1,3.00,3,271),(940,443,2,2.00,2,266),(941,445,1,3.00,3,274),(942,445,2,2.00,2,267),(943,446,1,3.00,3,276),(944,446,2,2.00,2,277),(945,446,3,1.00,1,272),(946,447,1,3.00,3,278),(947,448,1,3.00,3,263),(948,448,2,2.00,2,298),(949,449,1,3.00,3,270),(950,449,2,2.00,2,269),(951,449,3,1.00,1,275),(952,452,1,3.00,3,262),(953,453,1,3.00,3,299),(954,453,2,2.00,2,265),(955,454,1,3.00,3,260),(956,454,2,2.00,2,258),(957,307,1,3.00,3,210),(958,306,1,3.00,3,199),(959,309,1,3.00,3,191),(960,311,1,3.00,3,191),(961,312,1,3.00,3,191),(962,312,2,2.00,2,199),(963,314,1,3.00,3,193),(964,315,1,3.00,3,202),(965,315,2,2.00,2,199),(966,315,3,1.00,1,191),(967,316,2,2.00,2,211),(968,316,3,1.00,1,198),(969,317,1,3.00,3,206),(970,318,1,3.00,3,191),(971,318,2,2.00,2,199),(972,318,3,1.00,1,211),(973,319,1,3.00,3,191),(974,320,1,3.00,3,193),(975,320,2,2.00,2,199),(976,320,3,1.00,1,191),(977,323,1,3.00,3,191),(978,324,1,3.00,3,193),(979,324,2,2.00,2,202),(980,324,3,1.00,1,211),(981,325,2,2.00,2,211),(982,326,1,3.00,3,192),(983,326,2,2.00,2,199),(984,326,3,1.00,1,202),(985,327,1,3.00,3,193),(986,327,2,2.00,2,191),(987,327,3,1.00,1,192),(988,328,1,3.00,3,193),(989,328,2,2.00,2,203),(990,328,3,1.00,1,201),(991,329,1,3.00,3,200),(992,329,2,2.00,2,198),(993,329,3,1.00,1,193),(994,330,1,3.00,3,198),(995,330,2,2.00,2,192),(996,330,3,1.00,1,193),(997,331,1,3.00,3,198),(998,331,2,2.00,2,191),(999,331,3,1.00,1,204),(1000,332,1,3.00,3,193),(1001,336,1,3.00,3,199),(1002,336,2,2.00,2,201),(1003,337,1,3.00,3,193),(1004,338,1,3.00,3,200),(1005,339,1,3.00,3,201),(1006,339,2,2.00,2,191),(1007,340,1,3.00,3,193),(1008,340,2,2.00,2,211),(1009,341,1,3.00,3,199),(1010,341,2,2.00,2,201),(1011,341,3,1.00,1,195),(1012,342,1,3.00,3,200),(1013,343,1,3.00,3,210),(1017,455,1,3.00,3,307),(1018,458,2,2.00,2,315),(1019,462,1,3.00,3,308),(1020,462,2,2.00,2,311),(1021,462,3,1.00,1,307),(1022,464,1,3.00,3,301),(1023,464,2,2.00,2,309),(1024,464,3,1.00,1,308),(1025,466,1,3.00,3,301),(1026,467,1,3.00,3,301),(1027,471,1,3.00,3,307),(1028,471,2,2.00,2,313),(1029,471,3,1.00,1,316),(1030,472,1,3.00,3,307),(1031,472,2,2.00,2,310),(1032,472,3,1.00,1,308),(1033,473,1,3.00,3,309),(1034,473,2,2.00,2,308),(1035,474,1,3.00,3,312),(1036,474,2,2.00,2,317),(1037,474,3,1.00,1,316),(1038,478,1,3.00,3,311),(1039,478,2,2.00,2,304),(1040,479,1,3.00,3,300),(1041,479,2,2.00,2,309),(1042,479,3,1.00,1,311),(1043,480,1,3.00,3,307),(1044,480,2,2.00,2,311),(1045,480,3,1.00,1,312),(1046,481,1,3.00,3,316),(1047,481,2,2.00,2,312),(1048,482,1,3.00,3,311),(1049,482,2,2.00,2,312),(1050,484,1,3.00,3,312),(1051,484,2,2.00,2,300),(1052,486,1,3.00,3,300),(1053,486,2,2.00,2,306),(1054,486,3,1.00,1,302),(1055,487,1,3.00,3,311),(1056,487,2,2.00,2,308),(1057,487,3,1.00,1,309),(1058,488,1,3.00,3,301),(1059,488,2,2.00,2,307),(1060,489,1,3.00,3,312),(1061,489,2,2.00,2,302),(1063,490,1,3.00,3,312),(1064,490,2,2.00,2,307),(1065,491,1,3.00,3,314),(1066,492,1,3.00,3,315),(1067,492,2,2.00,2,300),(1072,488,3,1.00,1,306),(1073,521,1,3.00,3,331),(1074,521,2,2.00,2,349),(1075,521,3,1.00,1,323),(1076,522,1,3.00,3,349),(1077,522,2,2.00,2,NULL),(1078,522,3,1.00,1,NULL),(1079,523,1,3.00,3,347),(1080,523,2,2.00,2,334),(1081,523,3,1.00,1,348),(1082,524,1,3.00,3,347),(1083,524,2,2.00,2,349),(1084,524,3,1.00,1,334),(1085,525,1,3.00,3,349),(1086,525,2,2.00,2,NULL),(1087,525,3,1.00,1,NULL),(1088,526,1,3.00,3,347),(1089,526,2,2.00,2,NULL),(1090,526,3,1.00,1,NULL),(1091,527,1,3.00,3,347),(1092,527,2,2.00,2,334),(1093,527,3,1.00,1,NULL),(1094,528,1,3.00,3,324),(1095,528,2,2.00,2,334),(1096,528,3,1.00,1,331),(1097,529,1,3.00,3,NULL),(1098,529,2,2.00,2,NULL),(1099,529,3,1.00,1,NULL),(1100,530,1,3.00,3,NULL),(1101,530,2,2.00,2,334),(1102,530,3,1.00,1,NULL),(1103,531,1,3.00,3,323),(1104,531,2,2.00,2,NULL),(1105,531,3,1.00,1,334),(1106,532,1,3.00,3,334),(1107,532,2,2.00,2,NULL),(1108,532,3,1.00,1,NULL),(1109,533,1,3.00,3,349),(1110,533,2,2.00,2,334),(1111,533,3,1.00,1,NULL),(1112,534,1,3.00,3,348),(1113,534,2,2.00,2,351),(1114,534,3,1.00,1,349),(1115,535,1,3.00,3,351),(1116,535,2,2.00,2,349),(1117,535,3,1.00,1,348),(1118,536,1,3.00,3,351),(1119,536,2,2.00,2,334),(1120,536,3,1.00,1,348),(1121,537,1,3.00,3,347),(1122,537,2,2.00,2,334),(1123,537,3,1.00,1,NULL),(1124,538,1,3.00,3,349),(1125,538,2,2.00,2,334),(1126,538,3,1.00,1,353),(1127,539,1,3.00,3,349),(1128,539,2,2.00,2,324),(1129,539,3,1.00,1,NULL),(1130,540,1,3.00,3,350),(1131,540,2,2.00,2,NULL),(1132,540,3,1.00,1,NULL),(1133,541,1,3.00,3,334),(1134,541,2,2.00,2,323),(1135,541,3,1.00,1,350),(1136,542,1,3.00,3,350),(1137,542,2,2.00,2,323),(1138,542,3,1.00,1,334),(1139,543,1,3.00,3,NULL),(1140,543,2,2.00,2,NULL),(1141,543,3,1.00,1,338),(1142,544,1,3.00,3,323),(1143,544,2,2.00,2,334),(1144,544,3,1.00,1,NULL),(1145,545,1,3.00,3,351),(1146,545,2,2.00,2,NULL),(1147,545,3,1.00,1,334),(1148,546,1,3.00,3,350),(1149,546,2,2.00,2,334),(1150,546,3,1.00,1,NULL),(1151,547,1,3.00,3,351),(1152,547,2,2.00,2,329),(1153,547,3,1.00,1,339),(1154,548,1,3.00,3,352),(1155,548,2,2.00,2,323),(1156,548,3,1.00,1,351),(1157,493,1,3.00,3,348),(1158,493,2,2.00,2,344),(1159,493,3,1.00,1,NULL),(1160,494,1,3.00,3,348),(1161,494,2,2.00,2,344),(1162,494,3,1.00,1,NULL),(1163,495,1,3.00,3,350),(1164,495,2,2.00,2,353),(1165,495,3,1.00,1,NULL),(1166,496,1,3.00,3,329),(1167,496,2,2.00,2,353),(1168,496,3,1.00,1,325),(1169,497,1,3.00,3,352),(1170,497,2,2.00,2,350),(1171,497,3,1.00,1,325),(1172,498,1,3.00,3,325),(1173,498,2,2.00,2,345),(1174,498,3,1.00,1,350),(1175,499,1,3.00,3,325),(1176,499,2,2.00,2,350),(1177,499,3,1.00,1,353),(1178,500,1,3.00,3,NULL),(1179,500,2,2.00,2,351),(1180,500,3,1.00,1,NULL),(1181,501,1,3.00,3,350),(1182,501,2,2.00,2,351),(1183,501,3,1.00,1,NULL),(1184,502,1,3.00,3,350),(1185,502,2,2.00,2,351),(1186,502,3,1.00,1,NULL),(1187,503,1,3.00,3,351),(1188,503,2,2.00,2,352),(1189,503,3,1.00,1,350),(1190,504,1,3.00,3,NULL),(1191,504,2,2.00,2,NULL),(1192,504,3,1.00,1,NULL),(1193,505,1,3.00,3,349),(1194,505,2,2.00,2,329),(1195,505,3,1.00,1,325),(1196,506,1,3.00,3,325),(1197,506,2,2.00,2,353),(1198,506,3,1.00,1,329),(1199,507,1,3.00,3,350),(1200,507,2,2.00,2,352),(1201,507,3,1.00,1,323),(1202,508,1,3.00,3,349),(1203,508,2,2.00,2,NULL),(1204,508,3,1.00,1,NULL),(1205,509,1,3.00,3,325),(1206,509,2,2.00,2,353),(1207,509,3,1.00,1,NULL),(1208,510,1,3.00,3,325),(1209,510,2,2.00,2,NULL),(1210,510,3,1.00,1,353),(1211,511,1,3.00,3,325),(1212,511,2,2.00,2,323),(1213,511,3,1.00,1,353),(1214,512,1,3.00,3,325),(1215,512,2,2.00,2,NULL),(1216,512,3,1.00,1,345),(1217,513,1,3.00,3,348),(1218,513,2,2.00,2,332),(1219,513,3,1.00,1,325),(1220,514,1,3.00,3,323),(1221,514,2,2.00,2,348),(1222,514,3,1.00,1,NULL),(1223,515,1,3.00,3,348),(1224,515,2,2.00,2,325),(1225,515,3,1.00,1,NULL),(1226,516,1,3.00,3,325),(1227,516,2,2.00,2,350),(1228,516,3,1.00,1,NULL),(1229,517,1,3.00,3,353),(1230,517,2,2.00,2,NULL),(1231,517,3,1.00,1,345),(1232,518,1,3.00,3,353),(1233,518,2,2.00,2,348),(1234,518,3,1.00,1,334),(1235,519,1,3.00,3,345),(1236,519,2,2.00,2,353),(1237,519,3,1.00,1,350),(1238,520,1,3.00,3,332),(1239,520,2,2.00,2,353),(1240,520,3,1.00,1,329),(1241,549,1,3.00,3,343),(1242,549,2,2.00,2,366),(1243,549,3,1.00,1,NULL),(1244,550,1,3.00,3,342),(1245,550,2,2.00,2,352),(1246,550,3,1.00,1,343),(1247,551,1,3.00,3,342),(1248,551,2,2.00,2,352),(1249,551,3,1.00,1,337),(1250,563,1,3.00,3,358),(1251,563,2,2.00,2,350),(1252,563,3,1.00,1,357),(1253,564,1,3.00,3,339),(1254,564,2,2.00,2,353),(1255,564,3,1.00,1,357),(1256,565,1,3.00,3,350),(1257,565,2,2.00,2,357),(1258,565,3,1.00,1,358),(1259,566,1,3.00,3,353),(1260,566,2,2.00,2,343),(1261,566,3,1.00,1,350),(1262,579,1,3.00,3,NULL),(1263,579,2,2.00,2,NULL),(1264,579,3,1.00,1,NULL),(1265,582,1,3.00,3,NULL),(1266,582,2,2.00,2,NULL),(1267,582,3,1.00,1,NULL),(1268,585,1,3.00,3,NULL),(1269,585,2,2.00,2,NULL),(1270,585,3,1.00,1,NULL),(1271,588,1,3.00,3,390),(1272,588,2,2.00,2,375),(1273,588,3,1.00,1,387),(1274,591,1,3.00,3,NULL),(1275,591,2,2.00,2,NULL),(1276,591,3,1.00,1,NULL),(1277,594,1,3.00,3,370),(1278,594,2,2.00,2,367),(1279,594,3,1.00,1,368),(1280,597,1,3.00,3,NULL),(1281,597,2,2.00,2,NULL),(1282,597,3,1.00,1,NULL),(1283,600,1,3.00,3,NULL),(1284,600,2,2.00,2,NULL),(1285,600,3,1.00,1,NULL),(1286,603,1,3.00,3,NULL),(1287,603,2,2.00,2,NULL),(1288,603,3,1.00,1,NULL),(1289,606,1,3.00,3,NULL),(1290,606,2,2.00,2,NULL),(1291,606,3,1.00,1,NULL),(1292,609,1,3.00,3,389),(1293,609,2,2.00,2,NULL),(1294,609,3,1.00,1,NULL),(1295,612,1,3.00,3,389),(1296,612,2,2.00,2,NULL),(1297,612,3,1.00,1,NULL),(1298,615,1,3.00,3,389),(1299,615,2,2.00,2,NULL),(1300,615,3,1.00,1,NULL),(1301,618,1,3.00,3,NULL),(1302,618,2,2.00,2,NULL),(1303,618,3,1.00,1,NULL),(1304,621,1,3.00,3,NULL),(1305,621,2,2.00,2,NULL),(1306,621,3,1.00,1,NULL),(1307,624,1,3.00,3,NULL),(1308,624,2,2.00,2,NULL),(1309,624,3,1.00,1,NULL),(1310,627,1,3.00,3,NULL),(1311,627,2,2.00,2,NULL),(1312,627,3,1.00,1,NULL),(1313,630,1,3.00,3,NULL),(1314,630,2,2.00,2,NULL),(1315,630,3,1.00,1,NULL),(1316,580,1,3.00,3,431),(1317,580,2,2.00,2,432),(1318,580,3,1.00,1,NULL),(1319,583,1,3.00,3,NULL),(1320,583,2,2.00,2,NULL),(1321,583,3,1.00,1,NULL),(1322,586,1,3.00,3,427),(1323,586,2,2.00,2,NULL),(1324,586,3,1.00,1,NULL),(1325,589,1,3.00,3,434),(1326,589,2,2.00,2,433),(1327,589,3,1.00,1,435),(1328,592,1,3.00,3,NULL),(1329,592,2,2.00,2,NULL),(1330,592,3,1.00,1,NULL),(1331,595,1,3.00,3,436),(1332,595,2,2.00,2,404),(1333,595,3,1.00,1,405),(1334,598,1,3.00,3,NULL),(1335,598,2,2.00,2,NULL),(1336,598,3,1.00,1,NULL),(1337,601,1,3.00,3,NULL),(1338,601,2,2.00,2,NULL),(1339,601,3,1.00,1,NULL),(1340,604,1,3.00,3,NULL),(1341,604,2,2.00,2,NULL),(1342,604,3,1.00,1,NULL),(1343,607,1,3.00,3,427),(1344,607,2,2.00,2,NULL),(1345,607,3,1.00,1,NULL),(1346,610,1,3.00,3,NULL),(1347,610,2,2.00,2,NULL),(1348,610,3,1.00,1,NULL),(1349,613,1,3.00,3,426),(1350,613,2,2.00,2,NULL),(1351,613,3,1.00,1,NULL),(1352,616,1,3.00,3,426),(1353,616,2,2.00,2,NULL),(1354,616,3,1.00,1,NULL),(1355,619,1,3.00,3,NULL),(1356,619,2,2.00,2,NULL),(1357,619,3,1.00,1,NULL),(1358,622,1,3.00,3,NULL),(1359,622,2,2.00,2,NULL),(1360,622,3,1.00,1,NULL),(1361,625,1,3.00,3,NULL),(1362,625,2,2.00,2,NULL),(1363,625,3,1.00,1,NULL),(1364,628,1,3.00,3,427),(1365,628,2,2.00,2,NULL),(1366,628,3,1.00,1,NULL),(1367,631,1,3.00,3,NULL),(1368,631,2,2.00,2,NULL),(1369,631,3,1.00,1,NULL),(1370,581,1,3.00,3,437),(1371,581,2,2.00,2,439),(1372,581,3,1.00,1,440),(1373,584,1,3.00,3,NULL),(1374,584,2,2.00,2,NULL),(1375,584,3,1.00,1,NULL),(1376,587,1,3.00,3,441),(1377,587,2,2.00,2,NULL),(1378,587,3,1.00,1,NULL),(1379,590,1,3.00,3,411),(1380,590,2,2.00,2,407),(1381,590,3,1.00,1,443),(1382,593,1,3.00,3,441),(1383,593,2,2.00,2,442),(1384,593,3,1.00,1,NULL),(1385,596,1,3.00,3,425),(1386,596,2,2.00,2,415),(1387,596,3,1.00,1,419),(1388,599,1,3.00,3,NULL),(1389,599,2,2.00,2,NULL),(1390,599,3,1.00,1,NULL),(1391,602,1,3.00,3,NULL),(1392,602,2,2.00,2,NULL),(1393,602,3,1.00,1,NULL),(1394,605,1,3.00,3,428),(1395,605,2,2.00,2,429),(1396,605,3,1.00,1,NULL),(1397,608,1,3.00,3,429),(1398,608,2,2.00,2,406),(1399,608,3,1.00,1,NULL),(1400,611,1,3.00,3,NULL),(1401,611,2,2.00,2,NULL),(1402,611,3,1.00,1,NULL),(1403,614,1,3.00,3,429),(1404,614,2,2.00,2,428),(1405,614,3,1.00,1,430),(1406,617,1,3.00,3,430),(1407,617,2,2.00,2,429),(1408,617,3,1.00,1,NULL),(1409,620,1,3.00,3,NULL),(1410,620,2,2.00,2,NULL),(1411,620,3,1.00,1,NULL),(1412,623,1,3.00,3,NULL),(1413,623,2,2.00,2,NULL),(1414,623,3,1.00,1,NULL),(1415,626,1,3.00,3,429),(1416,626,2,2.00,2,NULL),(1417,626,3,1.00,1,NULL),(1418,629,1,3.00,3,428),(1419,629,2,2.00,2,430),(1420,629,3,1.00,1,429),(1421,632,1,3.00,3,429),(1422,632,2,2.00,2,NULL),(1423,632,3,1.00,1,NULL),(1424,567,1,3.00,3,363),(1425,567,2,2.00,2,331),(1426,567,3,1.00,1,NULL),(1427,568,1,3.00,3,363),(1428,568,2,2.00,2,321),(1429,568,3,1.00,1,326),(1430,569,1,3.00,3,324),(1431,569,2,2.00,2,363),(1432,569,3,1.00,1,352),(1433,570,1,3.00,3,326),(1434,570,2,2.00,2,352),(1435,570,3,1.00,1,363),(1436,3,3,1.00,1,NULL),(1437,4,1,3.00,3,NULL),(1438,7,1,3.00,3,NULL),(1439,9,3,1.00,1,NULL),(1440,12,1,3.00,3,NULL),(1441,12,2,2.00,2,NULL),(1442,14,1,3.00,3,NULL),(1443,14,2,2.00,2,NULL),(1444,14,3,1.00,1,NULL),(1445,15,1,3.00,3,NULL),(1446,15,2,2.00,2,NULL),(1447,15,3,1.00,1,NULL),(1448,16,1,3.00,3,NULL),(1449,16,2,2.00,2,NULL),(1450,16,3,1.00,1,NULL),(1451,17,1,3.00,3,NULL),(1452,17,2,2.00,2,NULL),(1453,17,3,1.00,1,NULL),(1454,18,1,3.00,3,NULL),(1455,18,2,2.00,2,NULL),(1456,18,3,1.00,1,NULL),(1457,19,1,3.00,3,NULL),(1458,19,2,2.00,2,NULL),(1459,19,3,1.00,1,NULL),(1460,20,1,3.00,3,NULL),(1461,20,2,2.00,2,NULL),(1462,20,3,1.00,1,NULL),(1463,21,1,3.00,3,NULL),(1464,21,2,2.00,2,NULL),(1465,21,3,1.00,1,NULL),(1466,22,1,3.00,3,NULL),(1467,22,2,2.00,2,NULL),(1468,22,3,1.00,1,NULL),(1469,23,1,3.00,3,NULL),(1470,23,2,2.00,2,NULL),(1471,23,3,1.00,1,NULL),(1472,24,1,3.00,3,NULL),(1473,24,2,2.00,2,NULL),(1474,24,3,1.00,1,NULL),(1475,25,1,3.00,3,NULL),(1476,25,2,2.00,2,NULL),(1477,25,3,1.00,1,NULL),(1478,26,1,3.00,3,NULL),(1479,26,2,2.00,2,NULL),(1480,26,3,1.00,1,NULL),(1481,27,1,3.00,3,NULL),(1482,27,2,2.00,2,NULL),(1483,27,3,1.00,1,NULL),(1484,28,1,3.00,3,NULL),(1485,28,2,2.00,2,NULL),(1486,28,3,1.00,1,NULL),(1487,29,1,3.00,3,NULL),(1488,29,2,2.00,2,NULL),(1489,29,3,1.00,1,NULL),(1490,30,1,3.00,3,NULL),(1491,30,2,2.00,2,NULL),(1492,30,3,1.00,1,NULL),(1493,31,1,3.00,3,NULL),(1494,31,2,2.00,2,NULL),(1495,31,3,1.00,1,NULL),(1496,32,1,3.00,3,NULL),(1497,32,2,2.00,2,NULL),(1498,32,3,1.00,1,NULL),(1499,33,1,3.00,3,NULL),(1500,33,2,2.00,2,NULL),(1501,33,3,1.00,1,NULL),(1502,34,1,3.00,3,NULL),(1503,34,2,2.00,2,NULL),(1504,34,3,1.00,1,NULL),(1505,35,1,3.00,3,NULL),(1506,35,2,2.00,2,NULL),(1507,35,3,1.00,1,NULL),(1508,36,1,3.00,3,NULL),(1509,36,2,2.00,2,NULL),(1510,36,3,1.00,1,NULL),(1511,37,1,3.00,3,NULL),(1512,37,2,2.00,2,NULL),(1513,37,3,1.00,1,NULL),(1514,38,1,3.00,3,NULL),(1515,38,2,2.00,2,NULL),(1516,38,3,1.00,1,NULL),(1517,39,1,3.00,3,NULL),(1518,39,2,2.00,2,NULL),(1519,39,3,1.00,1,NULL),(1520,40,1,3.00,3,NULL),(1521,40,2,2.00,2,NULL),(1522,40,3,1.00,1,NULL),(1523,41,1,3.00,3,NULL),(1524,41,2,2.00,2,NULL),(1525,41,3,1.00,1,NULL),(1526,42,1,3.00,3,NULL),(1527,42,2,2.00,2,NULL),(1528,42,3,1.00,1,NULL),(1529,43,1,3.00,3,NULL),(1530,43,2,2.00,2,NULL),(1531,43,3,1.00,1,NULL),(1532,44,1,3.00,3,NULL),(1533,44,2,2.00,2,NULL),(1534,44,3,1.00,1,NULL),(1535,45,1,3.00,3,NULL),(1536,45,2,2.00,2,NULL),(1537,45,3,1.00,1,NULL),(1538,46,1,3.00,3,NULL),(1539,46,2,2.00,2,NULL),(1540,46,3,1.00,1,NULL),(1541,47,1,3.00,3,NULL),(1542,47,2,2.00,2,NULL),(1543,47,3,1.00,1,NULL),(1544,48,1,3.00,3,NULL),(1545,48,2,2.00,2,NULL),(1546,48,3,1.00,1,NULL),(1547,49,1,3.00,3,NULL),(1548,49,2,2.00,2,NULL),(1549,49,3,1.00,1,NULL),(1550,50,1,3.00,3,NULL),(1551,50,2,2.00,2,NULL),(1552,50,3,1.00,1,NULL),(1553,51,1,3.00,3,NULL),(1554,51,2,2.00,2,NULL),(1555,51,3,1.00,1,NULL),(1556,52,1,3.00,3,NULL),(1557,52,2,2.00,2,NULL),(1558,52,3,1.00,1,NULL),(1559,53,1,3.00,3,NULL),(1560,53,2,2.00,2,NULL),(1561,53,3,1.00,1,NULL),(1562,54,1,3.00,3,NULL),(1563,54,2,2.00,2,NULL),(1564,54,3,1.00,1,NULL),(1565,55,1,3.00,3,NULL),(1566,55,2,2.00,2,NULL),(1567,55,3,1.00,1,NULL),(1568,56,1,3.00,3,NULL),(1569,56,2,2.00,2,NULL),(1570,56,3,1.00,1,NULL),(1571,57,1,3.00,3,NULL),(1572,57,2,2.00,2,NULL),(1573,57,3,1.00,1,NULL),(1574,58,1,3.00,3,NULL),(1575,58,2,2.00,2,NULL),(1576,58,3,1.00,1,NULL),(1577,59,1,3.00,3,NULL),(1578,59,2,2.00,2,NULL),(1579,59,3,1.00,1,NULL),(1580,60,1,3.00,3,NULL),(1581,60,2,2.00,2,NULL),(1582,60,3,1.00,1,NULL),(1583,61,1,3.00,3,NULL),(1584,61,2,2.00,2,NULL),(1585,61,3,1.00,1,NULL),(1586,62,1,3.00,3,NULL),(1587,62,2,2.00,2,NULL),(1588,62,3,1.00,1,NULL),(1589,63,1,3.00,3,NULL),(1590,63,2,2.00,2,NULL),(1591,63,3,1.00,1,NULL),(1592,64,1,3.00,3,NULL),(1593,64,2,2.00,2,NULL),(1594,64,3,1.00,1,NULL),(1595,65,1,3.00,3,NULL),(1596,65,2,2.00,2,NULL),(1597,65,3,1.00,1,NULL),(1598,66,1,3.00,3,NULL),(1599,66,2,2.00,2,NULL),(1600,66,3,1.00,1,NULL),(1601,67,1,3.00,3,NULL),(1602,67,2,2.00,2,NULL),(1603,67,3,1.00,1,NULL),(1604,68,1,3.00,3,NULL),(1605,68,2,2.00,2,NULL),(1606,68,3,1.00,1,NULL),(1607,69,1,3.00,3,NULL),(1608,69,2,2.00,2,NULL),(1609,69,3,1.00,1,NULL),(1610,70,1,3.00,3,NULL),(1611,70,2,2.00,2,NULL),(1612,70,3,1.00,1,NULL),(1613,71,1,3.00,3,NULL),(1614,71,2,2.00,2,NULL),(1615,71,3,1.00,1,NULL),(1616,72,1,3.00,3,NULL),(1617,72,2,2.00,2,NULL),(1618,72,3,1.00,1,NULL),(1619,73,1,3.00,3,NULL),(1620,73,2,2.00,2,NULL),(1621,73,3,1.00,1,NULL),(1622,74,1,3.00,3,NULL),(1623,74,2,2.00,2,NULL),(1624,74,3,1.00,1,NULL),(1625,75,1,3.00,3,NULL),(1626,75,2,2.00,2,NULL),(1627,75,3,1.00,1,NULL),(1628,76,1,3.00,3,NULL),(1629,76,2,2.00,2,NULL),(1630,76,3,1.00,1,NULL),(1631,77,1,3.00,3,NULL),(1632,77,2,2.00,2,NULL),(1633,77,3,1.00,1,NULL),(1634,78,1,3.00,3,NULL),(1635,78,2,2.00,2,NULL),(1636,78,3,1.00,1,NULL),(1637,79,1,3.00,3,NULL),(1638,79,2,2.00,2,NULL),(1639,79,3,1.00,1,NULL),(1640,80,1,3.00,3,NULL),(1641,80,2,2.00,2,NULL),(1642,80,3,1.00,1,NULL),(1643,81,1,3.00,3,NULL),(1644,81,2,2.00,2,NULL),(1645,81,3,1.00,1,NULL),(1646,82,1,3.00,3,NULL),(1647,82,2,2.00,2,NULL),(1648,82,3,1.00,1,NULL),(1649,83,1,3.00,3,NULL),(1650,83,2,2.00,2,NULL),(1651,83,3,1.00,1,NULL),(1652,84,1,3.00,3,NULL),(1653,84,2,2.00,2,NULL),(1654,84,3,1.00,1,NULL),(1655,85,1,3.00,3,NULL),(1656,85,2,2.00,2,NULL),(1657,85,3,1.00,1,NULL),(1658,86,1,3.00,3,NULL),(1659,86,2,2.00,2,NULL),(1660,86,3,1.00,1,NULL),(1661,87,2,2.00,2,NULL),(1662,87,3,1.00,1,NULL),(1663,88,2,2.00,2,NULL),(1664,89,2,2.00,2,NULL),(1665,89,3,1.00,1,NULL),(1666,94,2,2.00,2,NULL),(1667,94,3,1.00,1,NULL),(1668,95,3,1.00,1,NULL),(1669,96,3,1.00,1,NULL),(1670,97,3,1.00,1,NULL),(1671,99,3,1.00,1,NULL),(1672,101,1,3.00,3,NULL),(1673,101,3,1.00,1,NULL),(1674,103,3,1.00,1,NULL),(1675,105,3,1.00,1,NULL),(1676,110,3,1.00,1,NULL),(1677,111,2,2.00,2,NULL),(1678,111,3,1.00,1,NULL),(1679,119,3,1.00,1,NULL),(1680,120,1,3.00,3,NULL),(1681,120,2,2.00,2,NULL),(1682,120,3,1.00,1,NULL),(1683,121,3,1.00,1,NULL),(1684,122,1,3.00,3,NULL),(1685,122,2,2.00,2,NULL),(1686,122,3,1.00,1,NULL),(1687,124,2,2.00,2,NULL),(1688,124,3,1.00,1,NULL),(1689,125,3,1.00,1,NULL),(1690,126,2,2.00,2,NULL),(1691,126,3,1.00,1,NULL),(1692,127,3,1.00,1,NULL),(1693,128,2,2.00,2,NULL),(1694,128,3,1.00,1,NULL),(1695,132,3,1.00,1,NULL),(1696,134,3,1.00,1,NULL),(1697,135,3,1.00,1,NULL),(1698,138,3,1.00,1,NULL),(1699,139,3,1.00,1,NULL),(1700,140,1,3.00,3,NULL),(1701,140,2,2.00,2,NULL),(1702,140,3,1.00,1,NULL),(1703,141,2,2.00,2,NULL),(1704,141,3,1.00,1,NULL),(1705,155,3,1.00,1,NULL),(1706,158,3,1.00,1,NULL),(1707,159,3,1.00,1,NULL),(1708,167,2,2.00,2,NULL),(1709,167,3,1.00,1,NULL),(1710,168,1,3.00,3,NULL),(1711,168,2,2.00,2,NULL),(1712,168,3,1.00,1,NULL),(1713,169,2,2.00,2,NULL),(1714,169,3,1.00,1,NULL),(1715,170,1,3.00,3,NULL),(1716,170,2,2.00,2,NULL),(1717,170,3,1.00,1,NULL),(1718,171,2,2.00,2,NULL),(1719,171,3,1.00,1,NULL),(1720,173,2,2.00,2,NULL),(1721,173,3,1.00,1,NULL),(1722,174,2,2.00,2,NULL),(1723,174,3,1.00,1,NULL),(1724,176,1,3.00,3,NULL),(1725,176,2,2.00,2,NULL),(1726,176,3,1.00,1,NULL),(1727,179,3,1.00,1,NULL),(1728,180,2,2.00,2,NULL),(1729,180,3,1.00,1,NULL),(1730,181,1,3.00,3,NULL),(1731,181,2,2.00,2,NULL),(1732,181,3,1.00,1,NULL),(1733,183,1,3.00,3,NULL),(1734,183,2,2.00,2,NULL),(1735,183,3,1.00,1,NULL),(1736,185,1,3.00,3,NULL),(1737,185,2,2.00,2,NULL),(1738,185,3,1.00,1,NULL),(1739,188,2,2.00,2,NULL),(1740,188,3,1.00,1,NULL),(1741,189,1,3.00,3,NULL),(1742,189,2,2.00,2,NULL),(1743,189,3,1.00,1,NULL),(1744,190,1,3.00,3,NULL),(1745,190,2,2.00,2,NULL),(1746,190,3,1.00,1,NULL),(1747,193,2,2.00,2,NULL),(1748,193,3,1.00,1,NULL),(1749,195,1,3.00,3,NULL),(1750,195,2,2.00,2,NULL),(1751,196,3,1.00,1,NULL),(1752,199,3,1.00,1,NULL),(1753,201,3,1.00,1,NULL),(1754,202,2,2.00,2,NULL),(1755,202,3,1.00,1,NULL),(1756,203,3,1.00,1,NULL),(1757,205,3,1.00,1,NULL),(1758,208,2,2.00,2,NULL),(1759,208,3,1.00,1,NULL),(1760,209,2,2.00,2,NULL),(1761,209,3,1.00,1,NULL),(1762,211,3,1.00,1,NULL),(1763,215,3,1.00,1,NULL),(1764,216,2,2.00,2,NULL),(1765,216,3,1.00,1,NULL),(1766,217,2,2.00,2,NULL),(1767,221,1,3.00,3,NULL),(1768,221,3,1.00,1,NULL),(1769,223,3,1.00,1,NULL),(1770,224,3,1.00,1,NULL),(1771,225,3,1.00,1,NULL),(1772,226,2,2.00,2,NULL),(1773,227,3,1.00,1,NULL),(1774,230,3,1.00,1,NULL),(1775,236,1,3.00,3,NULL),(1776,236,2,2.00,2,NULL),(1777,236,3,1.00,1,NULL),(1778,237,2,2.00,2,NULL),(1779,237,3,1.00,1,NULL),(1780,240,1,3.00,3,NULL),(1781,240,2,2.00,2,NULL),(1782,240,3,1.00,1,NULL),(1783,241,1,3.00,3,NULL),(1784,241,2,2.00,2,NULL),(1785,241,3,1.00,1,NULL),(1786,242,1,3.00,3,NULL),(1787,242,2,2.00,2,NULL),(1788,242,3,1.00,1,NULL),(1789,243,1,3.00,3,NULL),(1790,243,2,2.00,2,NULL),(1791,243,3,1.00,1,NULL),(1792,244,1,3.00,3,NULL),(1793,244,2,2.00,2,NULL),(1794,244,3,1.00,1,NULL),(1795,245,3,1.00,1,NULL),(1796,246,1,3.00,3,NULL),(1797,246,2,2.00,2,NULL),(1798,246,3,1.00,1,NULL),(1799,247,1,3.00,3,NULL),(1800,247,2,2.00,2,NULL),(1801,247,3,1.00,1,NULL),(1802,248,1,3.00,3,NULL),(1803,248,2,2.00,2,NULL),(1804,248,3,1.00,1,NULL),(1805,249,1,3.00,3,NULL),(1806,249,2,2.00,2,NULL),(1807,249,3,1.00,1,NULL),(1808,252,3,1.00,1,NULL),(1809,255,3,1.00,1,NULL),(1810,259,2,2.00,2,NULL),(1811,259,3,1.00,1,NULL),(1812,260,3,1.00,1,NULL),(1813,261,2,2.00,2,NULL),(1814,261,3,1.00,1,NULL),(1815,262,3,1.00,1,NULL),(1816,270,1,3.00,3,NULL),(1817,270,2,2.00,2,NULL),(1818,270,3,1.00,1,NULL),(1819,273,2,2.00,2,NULL),(1820,273,3,1.00,1,NULL),(1821,274,1,3.00,3,NULL),(1822,274,2,2.00,2,NULL),(1823,274,3,1.00,1,NULL),(1824,275,2,2.00,2,NULL),(1825,275,3,1.00,1,NULL),(1826,276,2,2.00,2,NULL),(1827,276,3,1.00,1,NULL),(1828,278,2,2.00,2,NULL),(1829,278,3,1.00,1,NULL),(1830,279,3,1.00,1,NULL),(1831,281,2,2.00,2,NULL),(1832,281,3,1.00,1,NULL),(1833,282,2,2.00,2,NULL),(1834,282,3,1.00,1,NULL),(1835,283,3,1.00,1,NULL),(1836,284,2,2.00,2,NULL),(1837,284,3,1.00,1,NULL),(1838,285,3,1.00,1,NULL),(1839,302,3,1.00,1,NULL),(1840,303,2,2.00,2,NULL),(1841,303,3,1.00,1,NULL),(1842,305,3,1.00,1,NULL),(1843,306,2,2.00,2,NULL),(1844,306,3,1.00,1,NULL),(1845,307,2,2.00,2,NULL),(1846,307,3,1.00,1,NULL),(1847,308,1,3.00,3,NULL),(1848,308,2,2.00,2,NULL),(1849,308,3,1.00,1,NULL),(1850,309,2,2.00,2,NULL),(1851,309,3,1.00,1,NULL),(1852,310,1,3.00,3,NULL),(1853,310,2,2.00,2,NULL),(1854,310,3,1.00,1,NULL),(1855,311,2,2.00,2,NULL),(1856,311,3,1.00,1,NULL),(1857,312,3,1.00,1,NULL),(1858,313,1,3.00,3,NULL),(1859,313,2,2.00,2,NULL),(1860,313,3,1.00,1,NULL),(1861,314,2,2.00,2,NULL),(1862,314,3,1.00,1,NULL),(1863,316,1,3.00,3,NULL),(1864,317,2,2.00,2,NULL),(1865,317,3,1.00,1,NULL),(1866,319,2,2.00,2,NULL),(1867,319,3,1.00,1,NULL),(1868,321,1,3.00,3,NULL),(1869,321,2,2.00,2,NULL),(1870,321,3,1.00,1,NULL),(1871,322,1,3.00,3,NULL),(1872,322,2,2.00,2,NULL),(1873,322,3,1.00,1,NULL),(1874,323,2,2.00,2,NULL),(1875,323,3,1.00,1,NULL),(1876,325,1,3.00,3,NULL),(1877,325,3,1.00,1,NULL),(1878,332,2,2.00,2,NULL),(1879,332,3,1.00,1,NULL),(1880,333,1,3.00,3,NULL),(1881,333,2,2.00,2,NULL),(1882,333,3,1.00,1,NULL),(1883,334,1,3.00,3,NULL),(1884,334,2,2.00,2,NULL),(1885,334,3,1.00,1,NULL),(1886,335,1,3.00,3,NULL),(1887,335,2,2.00,2,NULL),(1888,335,3,1.00,1,NULL),(1889,336,3,1.00,1,NULL),(1890,337,2,2.00,2,NULL),(1891,337,3,1.00,1,NULL),(1892,338,2,2.00,2,NULL),(1893,338,3,1.00,1,NULL),(1894,339,3,1.00,1,NULL),(1895,340,3,1.00,1,NULL),(1896,342,2,2.00,2,NULL),(1897,342,3,1.00,1,NULL),(1898,343,2,2.00,2,NULL),(1899,343,3,1.00,1,NULL),(1900,344,2,2.00,2,NULL),(1901,345,2,2.00,2,NULL),(1902,345,3,1.00,1,NULL),(1903,346,3,1.00,1,NULL),(1904,351,3,1.00,1,NULL),(1905,352,2,2.00,2,NULL),(1906,352,3,1.00,1,NULL),(1907,355,3,1.00,1,NULL),(1908,359,1,3.00,3,NULL),(1909,359,2,2.00,2,NULL),(1910,359,3,1.00,1,NULL),(1911,361,2,2.00,2,NULL),(1912,362,3,1.00,1,NULL),(1913,363,3,1.00,1,NULL),(1914,365,3,1.00,1,NULL),(1915,366,1,3.00,3,NULL),(1916,366,2,2.00,2,NULL),(1917,366,3,1.00,1,NULL),(1918,373,1,3.00,3,NULL),(1919,373,2,2.00,2,NULL),(1920,373,3,1.00,1,NULL),(1921,375,2,2.00,2,NULL),(1922,375,3,1.00,1,NULL),(1923,376,2,2.00,2,NULL),(1924,376,3,1.00,1,NULL),(1925,377,2,2.00,2,NULL),(1926,377,3,1.00,1,NULL),(1927,378,1,3.00,3,NULL),(1928,378,2,2.00,2,NULL),(1929,378,3,1.00,1,NULL),(1930,379,3,1.00,1,NULL),(1931,380,1,3.00,3,NULL),(1932,380,2,2.00,2,NULL),(1933,380,3,1.00,1,NULL),(1934,381,2,2.00,2,NULL),(1935,381,3,1.00,1,NULL),(1936,382,2,2.00,2,NULL),(1937,382,3,1.00,1,NULL),(1938,383,3,1.00,1,NULL),(1939,386,3,1.00,1,NULL),(1940,390,3,1.00,1,NULL),(1941,393,1,3.00,3,NULL),(1942,393,2,2.00,2,NULL),(1943,393,3,1.00,1,NULL),(1944,405,2,2.00,2,NULL),(1945,405,3,1.00,1,NULL),(1946,408,3,1.00,1,NULL),(1947,409,3,1.00,1,NULL),(1948,410,1,3.00,3,NULL),(1949,410,2,2.00,2,NULL),(1950,410,3,1.00,1,NULL),(1951,411,1,3.00,3,NULL),(1952,411,2,2.00,2,NULL),(1953,411,3,1.00,1,NULL),(1954,419,3,1.00,1,NULL),(1955,422,3,1.00,1,NULL),(1956,425,1,3.00,3,NULL),(1957,425,2,2.00,2,NULL),(1958,425,3,1.00,1,NULL),(1959,426,2,2.00,2,NULL),(1960,426,3,1.00,1,NULL),(1961,427,1,3.00,3,NULL),(1962,427,2,2.00,2,NULL),(1963,427,3,1.00,1,NULL),(1964,431,1,3.00,3,NULL),(1965,431,2,2.00,2,NULL),(1966,431,3,1.00,1,NULL),(1967,433,1,3.00,3,NULL),(1968,433,2,2.00,2,NULL),(1969,433,3,1.00,1,NULL),(1970,434,1,3.00,3,NULL),(1971,434,2,2.00,2,NULL),(1972,434,3,1.00,1,NULL),(1973,435,1,3.00,3,NULL),(1974,435,2,2.00,2,NULL),(1975,435,3,1.00,1,NULL),(1976,437,2,2.00,2,NULL),(1977,437,3,1.00,1,NULL),(1978,438,1,3.00,3,NULL),(1979,438,2,2.00,2,NULL),(1980,438,3,1.00,1,NULL),(1981,439,1,3.00,3,NULL),(1982,439,2,2.00,2,NULL),(1983,439,3,1.00,1,NULL),(1984,440,1,3.00,3,NULL),(1985,440,2,2.00,2,NULL),(1986,440,3,1.00,1,NULL),(1987,441,1,3.00,3,NULL),(1988,441,2,2.00,2,NULL),(1989,441,3,1.00,1,NULL),(1990,442,2,2.00,2,NULL),(1991,442,3,1.00,1,NULL),(1992,443,3,1.00,1,NULL),(1993,444,1,3.00,3,NULL),(1994,444,2,2.00,2,NULL),(1995,444,3,1.00,1,NULL),(1996,445,3,1.00,1,NULL),(1997,447,2,2.00,2,NULL),(1998,447,3,1.00,1,NULL),(1999,448,3,1.00,1,NULL),(2000,452,2,2.00,2,NULL),(2001,452,3,1.00,1,NULL),(2002,453,3,1.00,1,NULL),(2003,454,3,1.00,1,NULL),(2004,455,2,2.00,2,NULL),(2005,455,3,1.00,1,NULL),(2006,456,1,3.00,3,NULL),(2007,456,2,2.00,2,NULL),(2008,456,3,1.00,1,NULL),(2009,457,1,3.00,3,NULL),(2010,457,2,2.00,2,NULL),(2011,457,3,1.00,1,NULL),(2012,458,1,3.00,3,NULL),(2013,458,3,1.00,1,NULL),(2014,459,1,3.00,3,NULL),(2015,459,2,2.00,2,NULL),(2016,459,3,1.00,1,NULL),(2017,460,1,3.00,3,NULL),(2018,460,2,2.00,2,NULL),(2019,460,3,1.00,1,NULL),(2020,461,1,3.00,3,NULL),(2021,461,2,2.00,2,NULL),(2022,461,3,1.00,1,NULL),(2023,463,1,3.00,3,NULL),(2024,463,2,2.00,2,NULL),(2025,463,3,1.00,1,NULL),(2026,465,1,3.00,3,NULL),(2027,465,2,2.00,2,NULL),(2028,465,3,1.00,1,NULL),(2029,466,2,2.00,2,NULL),(2030,466,3,1.00,1,NULL),(2031,467,2,2.00,2,NULL),(2032,467,3,1.00,1,NULL),(2033,468,1,3.00,3,NULL),(2034,468,2,2.00,2,NULL),(2035,468,3,1.00,1,NULL),(2036,469,1,3.00,3,NULL),(2037,469,2,2.00,2,NULL),(2038,469,3,1.00,1,NULL),(2039,470,1,3.00,3,NULL),(2040,470,2,2.00,2,NULL),(2041,470,3,1.00,1,NULL),(2042,473,3,1.00,1,NULL),(2043,475,1,3.00,3,NULL),(2044,475,2,2.00,2,NULL),(2045,475,3,1.00,1,NULL),(2046,476,1,3.00,3,NULL),(2047,476,2,2.00,2,NULL),(2048,476,3,1.00,1,NULL),(2049,477,1,3.00,3,NULL),(2050,477,2,2.00,2,NULL),(2051,477,3,1.00,1,NULL),(2052,478,3,1.00,1,NULL),(2053,481,3,1.00,1,NULL),(2054,482,3,1.00,1,NULL),(2055,483,1,3.00,3,NULL),(2056,483,2,2.00,2,NULL),(2057,483,3,1.00,1,NULL),(2058,484,3,1.00,1,NULL),(2059,485,1,3.00,3,NULL),(2060,485,2,2.00,2,NULL),(2061,485,3,1.00,1,NULL),(2062,489,3,1.00,1,NULL),(2063,490,3,1.00,1,NULL),(2064,491,2,2.00,2,NULL),(2065,491,3,1.00,1,NULL),(2066,492,3,1.00,1,NULL),(2067,552,1,3.00,3,321),(2068,552,2,2.00,2,331),(2069,552,3,1.00,1,361),(2070,553,1,3.00,3,336),(2071,553,2,2.00,2,321),(2072,553,3,1.00,1,333),(2073,554,1,3.00,3,333),(2074,554,2,2.00,2,324),(2075,554,3,1.00,1,350),(2076,555,1,3.00,3,331),(2077,555,2,2.00,2,333),(2078,555,3,1.00,1,350),(2079,556,1,3.00,3,327),(2080,556,2,2.00,2,331),(2081,556,3,1.00,1,NULL),(2082,557,1,3.00,3,361),(2083,557,2,2.00,2,360),(2084,557,3,1.00,1,359),(2085,558,1,3.00,3,341),(2086,558,2,2.00,2,343),(2087,558,3,1.00,1,336),(2088,559,1,3.00,3,325),(2089,559,2,2.00,2,331),(2090,559,3,1.00,1,350),(2091,560,1,3.00,3,360),(2092,560,2,2.00,2,331),(2093,560,3,1.00,1,350),(2094,561,1,3.00,3,325),(2095,561,2,2.00,2,331),(2096,561,3,1.00,1,321),(2097,562,1,3.00,3,NULL),(2098,562,2,2.00,2,333),(2099,562,3,1.00,1,NULL),(2100,571,1,3.00,3,324),(2101,571,2,2.00,2,356),(2102,571,3,1.00,1,360),(2103,572,1,3.00,3,NULL),(2104,572,2,2.00,2,NULL),(2105,572,3,1.00,1,NULL),(2106,573,1,3.00,3,363),(2107,573,2,2.00,2,NULL),(2108,573,3,1.00,1,NULL),(2109,574,1,3.00,3,NULL),(2110,574,2,2.00,2,NULL),(2111,574,3,1.00,1,NULL),(2112,575,1,3.00,3,345),(2113,575,2,2.00,2,346),(2114,575,3,1.00,1,350),(2115,576,1,3.00,3,346),(2116,576,2,2.00,2,354),(2117,576,3,1.00,1,NULL),(2118,577,1,3.00,3,345),(2119,577,2,2.00,2,350),(2120,577,3,1.00,1,NULL),(2121,578,1,3.00,3,323),(2122,578,2,2.00,2,327),(2123,578,3,1.00,1,331);
/*!40000 ALTER TABLE `exhibitionclassprize` ENABLE KEYS */;

--
-- Table structure for table `exhibitionsection`
--

DROP TABLE IF EXISTS `exhibitionsection`;
/*!40101 SET @saved_cs_client     = @@character_set_client */;
/*!40101 SET character_set_client = utf8 */;
CREATE TABLE `exhibitionsection` (
  `ID` int(11) NOT NULL AUTO_INCREMENT,
  `ExhibitionID` int(11) NOT NULL,
  `SectionNumber` varchar(20) NOT NULL,
  `Description` varchar(255) DEFAULT NULL,
  `SectionID` int(11) NOT NULL,
  PRIMARY KEY (`ID`),
  UNIQUE KEY `ExhibitionID` (`ExhibitionID`,`SectionNumber`),
  UNIQUE KEY `ExhibitionID_2` (`ExhibitionID`,`SectionID`,`Description`),
  KEY `fk_exhibitionsection_exhibition_idx` (`ExhibitionID`),
  KEY `fk_exhibitionsection_section_idx` (`SectionID`),
  CONSTRAINT `fk_exhibitionsection_exhibition` FOREIGN KEY (`ExhibitionID`) REFERENCES `exhibition` (`ID`) ON DELETE NO ACTION ON UPDATE NO ACTION,
  CONSTRAINT `fk_exhibitionsection_section` FOREIGN KEY (`SectionID`) REFERENCES `section` (`ID`) ON DELETE NO ACTION ON UPDATE NO ACTION
) ENGINE=InnoDB AUTO_INCREMENT=58 DEFAULT CHARSET=latin1;
/*!40101 SET character_set_client = @saved_cs_client */;

--
-- Dumping data for table `exhibitionsection`
--

/*!40000 ALTER TABLE `exhibitionsection` DISABLE KEYS */;
INSERT INTO `exhibitionsection` VALUES (1,3,'1',NULL,1),(2,3,'2',NULL,2),(3,3,'3',NULL,3),(4,3,'4',NULL,4),(5,3,'5',NULL,6),(6,3,'6',NULL,5),(7,3,'7',NULL,7),(8,3,'8',NULL,8),(9,3,'9',NULL,9),(10,3,'10',NULL,10),(11,2,'1',NULL,11),(12,5,'1',NULL,1),(13,5,'2',NULL,2),(14,5,'3',NULL,3),(15,5,'4',NULL,4),(16,5,'5',NULL,6),(17,5,'6',NULL,5),(18,5,'7',NULL,7),(19,5,'8',NULL,8),(20,5,'9',NULL,9),(21,5,'10',NULL,10),(22,6,'1',NULL,12),(23,7,'1',NULL,1),(24,7,'2',NULL,2),(25,7,'3',NULL,3),(26,7,'4',NULL,4),(27,7,'5',NULL,6),(28,7,'6',NULL,5),(29,7,'7',NULL,7),(30,7,'8',NULL,8),(31,7,'9',NULL,9),(32,7,'10',NULL,10),(33,8,'2012',NULL,12),(34,8,'1',NULL,13),(35,9,'1',NULL,1),(36,9,'2',NULL,2),(37,9,'3',NULL,3),(38,9,'4',NULL,4),(39,9,'5',NULL,6),(40,9,'6',NULL,5),(41,9,'7',NULL,7),(42,9,'8',NULL,8),(43,9,'9',NULL,9),(44,9,'10',NULL,10),(45,10,'1',NULL,15),(46,11,'1',NULL,1),(47,11,'2',NULL,2),(48,11,'3',NULL,3),(49,11,'4',NULL,4),(50,11,'5',NULL,6),(51,11,'6',NULL,5),(52,11,'7',NULL,7),(53,11,'8',NULL,8),(54,11,'9',NULL,9),(55,11,'10.EYF','Early Years Foundation',10),(56,11,'10.KS1','Key Stage 1',10),(57,11,'10.KS2','Key Stage 2',10);
/*!40000 ALTER TABLE `exhibitionsection` ENABLE KEYS */;

--
-- Table structure for table `prize`
--

DROP TABLE IF EXISTS `prize`;
/*!40101 SET @saved_cs_client     = @@character_set_client */;
/*!40101 SET character_set_client = utf8 */;
CREATE TABLE `prize` (
  `ID` int(11) NOT NULL AUTO_INCREMENT,
  `Name` varchar(255) NOT NULL,
  `Prize` decimal(10,2) DEFAULT NULL,
  `Points` int(11) DEFAULT NULL,
  PRIMARY KEY (`ID`),
  UNIQUE KEY `Name` (`Name`)
) ENGINE=InnoDB AUTO_INCREMENT=4 DEFAULT CHARSET=latin1;
/*!40101 SET character_set_client = @saved_cs_client */;

--
-- Dumping data for table `prize`
--

/*!40000 ALTER TABLE `prize` DISABLE KEYS */;
INSERT INTO `prize` VALUES (1,'First',3.00,3),(2,'Second',2.00,2),(3,'Third',1.00,1);
/*!40000 ALTER TABLE `prize` ENABLE KEYS */;

--
-- Table structure for table `trophy`
--

DROP TABLE IF EXISTS `trophy`;
/*!40101 SET @saved_cs_client     = @@character_set_client */;
/*!40101 SET character_set_client = utf8 */;
CREATE TABLE `trophy` (
  `ID` int(11) NOT NULL AUTO_INCREMENT,
  `ExhibitionID` int(11) NOT NULL,
  `Name` varchar(255) NOT NULL,
  `Member` tinyint(1) NOT NULL DEFAULT '0',
  PRIMARY KEY (`ID`),
  UNIQUE KEY `trophy_index01` (`ExhibitionID`,`Name`),
  KEY `Name` (`Name`),
  KEY `fk_trophy_exhibition_idx` (`ExhibitionID`),
  CONSTRAINT `fk_trophy_exhibition` FOREIGN KEY (`ExhibitionID`) REFERENCES `exhibition` (`ID`) ON DELETE NO ACTION ON UPDATE NO ACTION
) ENGINE=InnoDB AUTO_INCREMENT=52 DEFAULT CHARSET=latin1;
/*!40101 SET character_set_client = @saved_cs_client */;

--
-- Dumping data for table `trophy`
--

/*!40000 ALTER TABLE `trophy` DISABLE KEYS */;
INSERT INTO `trophy` VALUES (2,3,'Sweet Pea',0),(3,3,'Flowers',0),(4,5,'George Ashton Shield',0),(5,5,'Don Kenny Cup',0),(6,5,'Scott Shield',0),(7,5,'Sheild for most points in Show',0),(8,5,'Cup for most points in Vegetables',0),(9,5,'Cup for most points in Flowers & Pot Plants',0),(10,6,'Glass',0),(11,7,'Most Points Vegetables',0),(12,7,'Most Points Flowers & Pot Plants',0),(13,2,'Most Points Children 7/11',0),(14,2,'Most Points Needlecraft/Hobbies',0),(15,7,'Don Kenny Trophy',0),(16,2,'Most Points in Show',0),(17,7,'George Ashton Shield',0),(18,7,'Scott Shield',0),(19,7,'Baldock School',0),(20,7,'Most Points in Show',0),(21,7,'Most Points Children 7/11',0),(22,7,'Medal Children 3/6',0),(23,7,'Most Points Needlecraft/Hobbies',0),(24,9,'Most Points in Show',0),(25,8,'Most Points in Show',0),(26,9,'George Ashton Shield',0),(27,9,'Most Points Sweet Peas 1/2',0),(28,9,'Most Points Vegetables',0),(29,9,'Most Points Flowers & Pot Plants',0),(30,9,'Most Points Children 7/11',0),(31,9,'Most Points Needlecraft/Hobbies',0),(32,9,'Don Kenny Trophy',0),(33,9,'Scott Shield',0),(35,9,'School Shield',0),(36,10,'Most Points',0),(37,11,'Vegetable Cup',0),(38,11,'Flower &amp; Pot Plant Cup',0),(39,11,'KS2 Childrens Cup',0),(40,11,'KS1 Childrens Medal',0),(41,11,'KS2 Childrens Medal',0),(42,11,'School EYF Medal',0),(43,11,'School KS1 Medal',0),(44,11,'School KS2 Medal',0),(45,11,'Needlecraft/Hobby Cup',0),(46,11,'Points in show',0),(47,11,'Baldock School Shield',0),(48,11,'Don Kenny Trophy',0),(49,11,'Scott Shield',0),(50,11,'George Ashton Shield',0),(51,11,'Needlecraft Section',0);
/*!40000 ALTER TABLE `trophy` ENABLE KEYS */;

--
-- Table structure for table `section`
--

DROP TABLE IF EXISTS `section`;
/*!40101 SET @saved_cs_client     = @@character_set_client */;
/*!40101 SET character_set_client = utf8 */;
CREATE TABLE `section` (
  `ID` int(11) NOT NULL AUTO_INCREMENT,
  `Name` varchar(255) NOT NULL,
  PRIMARY KEY (`ID`),
  UNIQUE KEY `Name` (`Name`)
) ENGINE=InnoDB AUTO_INCREMENT=16 DEFAULT CHARSET=latin1;
/*!40101 SET character_set_client = @saved_cs_client */;

--
-- Dumping data for table `section`
--

/*!40000 ALTER TABLE `section` DISABLE KEYS */;
INSERT INTO `section` VALUES (11,'2009 Section 1'),(13,'2012 Spring Show'),(14,'2012 Summer Show'),(15,'2013 Spring Show'),(8,'Art'),(10,'Children'),(6,'Floral Art'),(1,'Flowers'),(4,'Fruit'),(5,'Homecraft'),(9,'Needlecraft/Hobbies'),(7,'Photography'),(2,'Pot Plants'),(12,'Spring Show'),(3,'Vegetables');
/*!40000 ALTER TABLE `section` ENABLE KEYS */;

--
-- Table structure for table `exhibitionclass`
--

DROP TABLE IF EXISTS `exhibitionclass`;
/*!40101 SET @saved_cs_client     = @@character_set_client */;
/*!40101 SET character_set_client = utf8 */;
CREATE TABLE `exhibitionclass` (
  `ID` int(11) NOT NULL AUTO_INCREMENT,
  `ExhibitionID` int(11) NOT NULL,
  `ExhibitionSectionID` int(11) NOT NULL,
  `ClassNumber` varchar(10) NOT NULL,
  `ClassID` int(11) NOT NULL,
  PRIMARY KEY (`ID`),
  UNIQUE KEY `ExhibitionID_2` (`ExhibitionID`,`ClassNumber`),
  UNIQUE KEY `ExhibitionID` (`ExhibitionID`,`ExhibitionSectionID`,`ClassID`,`ClassNumber`),
  KEY `fk_exhibitionclass_exhibition_idx` (`ExhibitionID`),
  KEY `fk_exhibitionclass_ExhibitionSection_idx` (`ExhibitionSectionID`),
  KEY `fk_exhibitionclass_class_idx` (`ClassID`),
  CONSTRAINT `fk_exhibitionclass_class` FOREIGN KEY (`ClassID`) REFERENCES `class` (`ID`) ON DELETE NO ACTION ON UPDATE NO ACTION,
  CONSTRAINT `fk_exhibitionclass_exhibition` FOREIGN KEY (`ExhibitionID`) REFERENCES `exhibition` (`ID`) ON DELETE NO ACTION ON UPDATE NO ACTION,
  CONSTRAINT `fk_exhibitionclass_exhibitionsection` FOREIGN KEY (`ExhibitionSectionID`) REFERENCES `exhibitionsection` (`ID`) ON DELETE NO ACTION ON UPDATE NO ACTION
) ENGINE=InnoDB AUTO_INCREMENT=633 DEFAULT CHARSET=latin1;
/*!40101 SET character_set_client = @saved_cs_client */;

--
-- Dumping data for table `exhibitionclass`
--

/*!40000 ALTER TABLE `exhibitionclass` DISABLE KEYS */;
INSERT INTO `exhibitionclass` VALUES (97,2,11,'1',55),(1,3,1,'1',1),(2,3,1,'2',2),(3,3,1,'3',3),(4,3,1,'4',4),(5,3,1,'5',5),(6,3,1,'6',6),(7,3,1,'7',7),(8,3,1,'8',8),(9,3,1,'9',9),(10,3,1,'10',10),(11,3,1,'11',11),(12,3,1,'12',12),(13,3,1,'13',13),(14,3,1,'14',14),(15,3,1,'15',15),(16,3,1,'16',16),(17,3,2,'17',17),(18,3,2,'18',18),(19,3,2,'19',19),(20,3,2,'20',20),(21,3,2,'21',21),(22,3,2,'22',22),(23,3,2,'23',23),(24,3,2,'24',24),(25,3,2,'25',25),(26,3,2,'26',26),(27,3,2,'27',27),(28,3,3,'29',28),(29,3,3,'30',29),(30,3,3,'31',30),(31,3,3,'32',31),(32,3,3,'33',32),(33,3,3,'34',33),(34,3,3,'35',34),(35,3,3,'36',35),(36,3,3,'37',36),(37,3,3,'38',37),(38,3,3,'39',38),(39,3,3,'40',39),(40,3,3,'41',40),(41,3,3,'42',41),(42,3,3,'43',42),(43,3,3,'44',43),(44,3,3,'45',44),(45,3,3,'46',45),(46,3,3,'47',46),(47,3,3,'48',47),(48,3,3,'49',48),(49,3,3,'50',49),(50,3,4,'51',50),(51,3,4,'52',51),(52,3,4,'53',52),(53,3,4,'54',53),(54,3,4,'55',54),(55,3,5,'56',55),(56,3,5,'57',56),(57,3,5,'58',57),(58,3,6,'59',58),(59,3,6,'60',59),(60,3,6,'61',60),(61,3,6,'62',61),(62,3,6,'63',62),(63,3,6,'64',63),(64,3,6,'65',64),(65,3,7,'66',65),(66,3,7,'67',66),(67,3,7,'68',67),(68,3,7,'69',68),(69,3,8,'70',72),(70,3,8,'71',73),(71,3,8,'72',74),(72,3,8,'73',75),(73,3,9,'74',69),(74,3,9,'75',70),(75,3,9,'76',71),(76,3,9,'77',76),(77,3,9,'78',77),(78,3,10,'79',78),(79,3,10,'80',79),(80,3,10,'81',80),(81,3,10,'82',81),(82,3,10,'83',82),(83,3,10,'84',83),(84,3,10,'85',84),(85,3,10,'86',85),(86,3,10,'87',86),(87,5,12,'1',1),(88,5,12,'2',2),(89,5,12,'3',3),(90,5,12,'4',4),(91,5,12,'5',5),(92,5,12,'6',6),(93,5,12,'7',7),(94,5,12,'8',8),(95,5,12,'9',9),(96,5,12,'10',10),(98,5,12,'11',11),(99,5,12,'12',12),(100,5,12,'13',13),(101,5,12,'14',14),(102,5,12,'15',15),(103,5,12,'16',16),(104,5,13,'17',17),(105,5,13,'18',18),(106,5,13,'19',19),(107,5,13,'20',20),(108,5,13,'21',21),(109,5,13,'22',22),(110,5,13,'23',23),(111,5,13,'24',24),(112,5,13,'25',25),(113,5,13,'26',26),(114,5,13,'27',27),(115,5,13,'28',87),(116,5,14,'29',28),(117,5,14,'30',29),(118,5,14,'31',30),(119,5,14,'32',31),(120,5,14,'33',32),(121,5,14,'34',33),(122,5,14,'35',34),(123,5,14,'36',35),(124,5,14,'37',36),(125,5,14,'38',37),(126,5,14,'39',38),(127,5,14,'40',39),(128,5,14,'41',40),(129,5,14,'42',41),(130,5,14,'43',42),(131,5,14,'44',43),(132,5,14,'45',44),(133,5,14,'46',45),(134,5,14,'47',46),(135,5,14,'48',47),(136,5,14,'49',48),(137,5,14,'50',49),(138,5,15,'51',50),(139,5,15,'52',51),(140,5,15,'53',52),(141,5,15,'54',53),(142,5,15,'55',54),(143,5,16,'56',88),(144,5,16,'57',89),(145,5,16,'58',90),(146,5,17,'59',58),(147,5,17,'60',59),(148,5,17,'61',60),(149,5,17,'62',61),(150,5,17,'63',62),(151,5,17,'64',63),(152,5,17,'65',64),(153,5,18,'66',91),(154,5,18,'67',92),(155,5,18,'68',93),(156,5,18,'69',94),(157,5,19,'70',72),(158,5,19,'71',73),(159,5,19,'72',74),(160,5,19,'73',75),(161,5,20,'74',69),(162,5,20,'75',70),(163,5,20,'76',71),(164,5,20,'77',76),(165,5,20,'78',77),(166,5,21,'79',78),(167,5,21,'80',79),(168,5,21,'81',80),(169,5,21,'82',81),(170,5,21,'83',82),(171,5,21,'84',83),(173,5,21,'86',85),(174,5,21,'87',86),(172,5,21,'85',96),(175,6,22,'1',97),(176,6,22,'2',98),(177,6,22,'3',99),(178,6,22,'4',100),(179,6,22,'5',101),(180,6,22,'6',102),(181,6,22,'7',103),(182,6,22,'8',104),(183,6,22,'9',105),(184,6,22,'10',106),(185,6,22,'11',107),(186,6,22,'12',108),(187,6,22,'13',109),(188,6,22,'14',110),(189,6,22,'15',111),(190,6,22,'16',112),(191,6,22,'17',113),(192,6,22,'18',114),(193,6,22,'19',115),(194,6,22,'20',116),(195,6,22,'21',117),(196,6,22,'22',118),(197,6,22,'23',119),(198,6,22,'24',120),(199,6,22,'25',121),(200,6,22,'26',122),(201,6,22,'27',123),(202,6,22,'28',124),(203,6,22,'29',125),(204,6,22,'30',126),(205,6,22,'31',127),(206,6,22,'32',128),(207,6,22,'33',129),(208,7,23,'1',1),(209,7,23,'2',2),(210,7,23,'3',3),(211,7,23,'4',4),(212,7,23,'5',5),(213,7,23,'6',6),(214,7,23,'7',7),(215,7,23,'8',8),(216,7,23,'9',9),(217,7,23,'10',10),(218,7,23,'11',11),(221,7,23,'14',14),(222,7,23,'15',15),(223,7,23,'16',16),(219,7,23,'12',130),(220,7,23,'13',131),(224,7,24,'17',17),(225,7,24,'18',18),(226,7,24,'19',19),(227,7,24,'20',20),(228,7,24,'21',21),(229,7,24,'22',22),(230,7,24,'23',23),(231,7,24,'24',24),(232,7,24,'25',25),(233,7,24,'26',26),(234,7,24,'27',27),(235,7,24,'28',87),(251,7,25,'29',28),(252,7,25,'30',29),(253,7,25,'31',30),(254,7,25,'32',31),(255,7,25,'33',32),(256,7,25,'34',33),(257,7,25,'35',34),(258,7,25,'36',35),(259,7,25,'37',36),(260,7,25,'38',37),(261,7,25,'39',38),(262,7,25,'40',39),(263,7,25,'41',40),(264,7,25,'42',41),(265,7,25,'43',42),(266,7,25,'44',43),(267,7,25,'45',44),(268,7,25,'46',45),(269,7,25,'47',46),(270,7,25,'48',47),(271,7,25,'49',48),(272,7,25,'50',49),(281,7,26,'51',50),(282,7,26,'52',51),(283,7,26,'53',52),(284,7,26,'54',53),(286,7,26,'56',54),(285,7,26,'55',147),(288,7,27,'58',89),(287,7,27,'57',148),(289,7,27,'59',149),(291,7,28,'61',59),(293,7,28,'63',60),(294,7,28,'64',61),(290,7,28,'60',150),(292,7,28,'62',151),(295,7,28,'65',152),(296,7,28,'66',153),(297,7,28,'67',154),(298,7,29,'68',155),(299,7,29,'69',156),(300,7,29,'70',157),(301,7,29,'71',158),(302,7,30,'72',72),(303,7,30,'73',73),(305,7,30,'74',74),(304,7,30,'75',75),(279,7,31,'82',76),(280,7,31,'83',77),(275,7,31,'78',86),(274,7,31,'77',142),(273,7,31,'76',143),(276,7,31,'79',144),(277,7,31,'80',145),(278,7,31,'81',146),(245,7,32,'93',30),(248,7,32,'96',32),(247,7,32,'95',35),(250,7,32,'98',44),(249,7,32,'97',46),(239,7,32,'87',78),(236,7,32,'84',132),(238,7,32,'86',134),(237,7,32,'85',135),(240,7,32,'88',136),(241,7,32,'89',137),(242,7,32,'90',138),(243,7,32,'91',139),(244,7,32,'92',140),(246,7,32,'94',141),(306,8,33,'1',97),(307,8,33,'2',98),(308,8,33,'3',99),(309,8,33,'4',100),(310,8,33,'5',101),(311,8,33,'6',102),(312,8,33,'7',103),(313,8,33,'8',104),(314,8,33,'9',105),(315,8,33,'10',106),(316,8,33,'11',107),(317,8,33,'12',108),(318,8,33,'13',109),(319,8,33,'14',110),(320,8,33,'15',111),(321,8,33,'16',112),(322,8,33,'17',113),(323,8,33,'18',114),(324,8,33,'19',115),(325,8,33,'20',116),(328,8,33,'23',117),(329,8,33,'24',118),(330,8,33,'25',119),(331,8,33,'26',120),(332,8,33,'27',121),(335,8,33,'30',122),(336,8,33,'31',123),(337,8,33,'32',124),(338,8,33,'33',125),(339,8,33,'34',126),(340,8,33,'35',127),(341,8,33,'36',128),(326,8,33,'21',159),(327,8,33,'22',160),(333,8,33,'28',161),(334,8,33,'29',162),(342,8,33,'37',163),(343,8,33,'38',164),(344,9,35,'1',1),(345,9,35,'2',2),(346,9,35,'3',3),(347,9,35,'4',4),(349,9,35,'6',6),(350,9,35,'7',7),(351,9,35,'8',8),(352,9,35,'9',9),(353,9,35,'10',10),(354,9,35,'11',11),(357,9,35,'14',14),(358,9,35,'15',15),(359,9,35,'16',16),(355,9,35,'12',130),(356,9,35,'13',131),(348,9,35,'5',139),(360,9,36,'17',17),(361,9,36,'18',18),(362,9,36,'19',19),(363,9,36,'20',20),(364,9,36,'21',21),(365,9,36,'22',22),(366,9,36,'23',23),(405,9,36,'24',24),(368,9,36,'25',25),(369,9,36,'26',26),(370,9,36,'27',27),(406,9,36,'28',87),(372,9,37,'29',28),(373,9,37,'30',29),(374,9,37,'31',30),(375,9,37,'32',31),(376,9,37,'33',32),(377,9,37,'34',33),(378,9,37,'35',34),(379,9,37,'36',35),(380,9,37,'37',36),(381,9,37,'38',37),(382,9,37,'39',38),(383,9,37,'40',39),(407,9,37,'41',40),(385,9,37,'42',41),(386,9,37,'43',42),(408,9,37,'44',43),(388,9,37,'45',44),(409,9,37,'46',45),(410,9,37,'47',46),(411,9,37,'48',47),(412,9,37,'49',48),(413,9,37,'50',49),(390,9,38,'51',50),(391,9,38,'52',51),(392,9,38,'53',52),(393,9,38,'54',53),(395,9,38,'56',54),(394,9,38,'55',147),(414,9,39,'57',167),(415,9,39,'58',168),(416,9,39,'59',169),(398,9,40,'62',59),(401,9,40,'65',60),(400,9,40,'64',61),(396,9,40,'60',150),(402,9,40,'66',152),(403,9,40,'67',153),(404,9,40,'68',154),(397,9,40,'61',165),(399,9,40,'63',166),(418,9,41,'70',156),(417,9,41,'69',170),(419,9,41,'71',171),(420,9,41,'72',172),(421,9,42,'73',72),(422,9,42,'74',73),(423,9,42,'75',74),(424,9,42,'76',75),(450,9,43,'276',69),(426,9,43,'78',70),(430,9,43,'82',76),(431,9,43,'83',77),(425,9,43,'77',142),(427,9,43,'79',144),(428,9,43,'80',145),(429,9,43,'81',146),(442,9,44,'93',30),(445,9,44,'96',32),(444,9,44,'95',35),(449,9,44,'100',44),(433,9,44,'84',77),(440,9,44,'91',85),(434,9,44,'85',133),(435,9,44,'86',134),(439,9,44,'90',136),(441,9,44,'92',140),(443,9,44,'94',141),(436,9,44,'87',173),(437,9,44,'88',174),(438,9,44,'89',175),(446,9,44,'97',176),(447,9,44,'98',177),(448,9,44,'99',178),(451,9,44,'286',179),(452,9,44,'197',180),(453,9,44,'198',181),(454,9,44,'200',182),(481,10,45,'27',15),(455,10,45,'1',97),(456,10,45,'2',98),(457,10,45,'3',99),(458,10,45,'4',100),(459,10,45,'5',101),(460,10,45,'6',102),(461,10,45,'7',103),(462,10,45,'8',104),(463,10,45,'9',105),(464,10,45,'10',106),(465,10,45,'11',107),(466,10,45,'12',108),(467,10,45,'13',109),(468,10,45,'14',110),(469,10,45,'15',111),(470,10,45,'16',112),(471,10,45,'17',113),(472,10,45,'18',114),(473,10,45,'19',115),(474,10,45,'20',116),(477,10,45,'23',117),(478,10,45,'24',118),(479,10,45,'25',119),(480,10,45,'26',120),(484,10,45,'30',122),(485,10,45,'31',123),(486,10,45,'32',124),(487,10,45,'33',125),(488,10,45,'34',126),(489,10,45,'35',127),(490,10,45,'36',128),(475,10,45,'21',159),(476,10,45,'22',160),(482,10,45,'28',161),(483,10,45,'29',162),(491,10,45,'37',163),(492,10,45,'38',164),(493,11,46,'1',1),(494,11,46,'2',2),(495,11,46,'3',3),(496,11,46,'4',4),(497,11,46,'5',5),(498,11,46,'6',6),(499,11,46,'7',7),(500,11,46,'8',8),(501,11,46,'9',9),(502,11,46,'10',10),(503,11,46,'11',11),(504,11,46,'12',12),(505,11,46,'13',13),(506,11,46,'14',14),(507,11,46,'15',15),(508,11,46,'16',16),(509,11,47,'17',17),(510,11,47,'18',18),(511,11,47,'19',19),(512,11,47,'20',20),(513,11,47,'21',21),(515,11,47,'23',23),(516,11,47,'24',24),(517,11,47,'25',25),(518,11,47,'26',26),(519,11,47,'27',27),(514,11,47,'22',183),(520,11,47,'28',184),(522,11,48,'30',29),(523,11,48,'31',30),(525,11,48,'33',32),(531,11,48,'39',38),(533,11,48,'41',40),(534,11,48,'42',41),(538,11,48,'46',45),(539,11,48,'47',46),(542,11,48,'50',49),(521,11,48,'29',185),(524,11,48,'32',186),(526,11,48,'34',187),(527,11,48,'35',188),(528,11,48,'36',189),(529,11,48,'37',190),(530,11,48,'38',191),(532,11,48,'40',192),(535,11,48,'43',193),(536,11,48,'44',194),(537,11,48,'45',195),(540,11,48,'48',196),(541,11,48,'49',197),(543,11,49,'51',50),(544,11,49,'52',51),(545,11,49,'53',198),(546,11,49,'54',199),(547,11,49,'55',200),(548,11,49,'56',201),(549,11,50,'57',202),(550,11,50,'58',203),(551,11,50,'59',204),(555,11,51,'63',59),(558,11,51,'66',60),(557,11,51,'65',61),(552,11,51,'60',150),(553,11,51,'61',165),(554,11,51,'62',205),(556,11,51,'64',206),(559,11,51,'67',207),(560,11,51,'68',208),(561,11,51,'69',209),(562,11,51,'70',210),(563,11,52,'71',211),(564,11,52,'72',212),(565,11,52,'73',213),(566,11,52,'74',214),(567,11,53,'75',72),(568,11,53,'76',73),(569,11,53,'77',74),(570,11,53,'78',75),(571,11,54,'79',215),(572,11,54,'80',216),(573,11,54,'81',217),(574,11,54,'82',218),(575,11,54,'83',219),(576,11,54,'84',220),(577,11,54,'85',221),(578,11,54,'86',222),(627,11,55,'103.EYF',44),(579,11,55,'87.EYF',223),(582,11,55,'88.EYF',224),(585,11,55,'89.EYF',225),(588,11,55,'90.EYF',226),(591,11,55,'91.EYF',227),(594,11,55,'92.EYF',228),(597,11,55,'93.EYF',229),(600,11,55,'94.EYF',230),(603,11,55,'95.EYF',231),(606,11,55,'96.EYF',232),(609,11,55,'97.EYF',233),(612,11,55,'98.EYF',234),(615,11,55,'99.EYF',235),(618,11,55,'100.EYF',236),(621,11,55,'101.EYF',237),(624,11,55,'102.EYF',238),(630,11,55,'104.EYF',239),(628,11,56,'103.KS1',44),(580,11,56,'87.KS1',223),(583,11,56,'88.KS1',224),(586,11,56,'89.KS1',225),(589,11,56,'90.KS1',226),(592,11,56,'91.KS1',227),(595,11,56,'92.KS1',228),(598,11,56,'93.KS1',229),(601,11,56,'94.KS1',230),(604,11,56,'95.KS1',231),(607,11,56,'96.KS1',232),(610,11,56,'97.KS1',233),(613,11,56,'98.KS1',234),(616,11,56,'99.KS1',235),(619,11,56,'100.KS1',236),(622,11,56,'101.KS1',237),(625,11,56,'102.KS1',238),(631,11,56,'104.KS1',239),(629,11,57,'103.KS2',44),(581,11,57,'87.KS2',223),(584,11,57,'88.KS2',224),(587,11,57,'89.KS2',225),(590,11,57,'90.KS2',226),(593,11,57,'91.KS2',227),(596,11,57,'92.KS2',228),(599,11,57,'93.KS2',229),(602,11,57,'94.KS2',230),(605,11,57,'95.KS2',231),(608,11,57,'96.KS2',232),(611,11,57,'97.KS2',233),(614,11,57,'98.KS2',234),(617,11,57,'99.KS2',235),(620,11,57,'100.KS2',236),(623,11,57,'101.KS2',237),(626,11,57,'102.KS2',238),(632,11,57,'104.KS2',239);
/*!40000 ALTER TABLE `exhibitionclass` ENABLE KEYS */;

--
-- Table structure for table `sponsorship`
--

DROP TABLE IF EXISTS `sponsorship`;
/*!40101 SET @saved_cs_client     = @@character_set_client */;
/*!40101 SET character_set_client = utf8 */;
CREATE TABLE `sponsorship` (
  `ID` int(11) NOT NULL AUTO_INCREMENT,
  `Name` varchar(255) NOT NULL,
  `ExhibitionClassPrizeID` int(11) NOT NULL,
  `Prize` varchar(50) NOT NULL,
  PRIMARY KEY (`ID`),
  UNIQUE KEY `Name` (`Name`),
  KEY `fk_sponsorship_exhibitionclassprize_idx` (`ExhibitionClassPrizeID`),
  CONSTRAINT `fk_sponsorship_exhibitionclassprize` FOREIGN KEY (`ExhibitionClassPrizeID`) REFERENCES `exhibitionclassprize` (`ID`) ON DELETE NO ACTION ON UPDATE NO ACTION
) ENGINE=InnoDB AUTO_INCREMENT=24 DEFAULT CHARSET=latin1;
/*!40101 SET character_set_client = @saved_cs_client */;

--
-- Dumping data for table `sponsorship`
--

/*!40000 ALTER TABLE `sponsorship` DISABLE KEYS */;
INSERT INTO `sponsorship` VALUES (1,'Sweet Pea 1',164,'Unwin Voucher'),(2,'Sweet Pea 2',165,'Unwin Voucher'),(3,'Vase of Flowers 1',698,'5 Mrs Gray'),(4,'Vase of Flowers 2',698,'3 Mrs Gray'),(5,'Vase of Flowers 3',698,'2 Mrs Gray'),(6,'Patio Pot 1',698,'7 Hardware Voucher'),(7,'Patio Pot 2',698,'3 Hardware Voucher'),(8,'Begonias',159,'Unwin Voucher'),(9,'Flowering Plant 1',698,'10 Bickerdike Vouch'),(10,'Flowering Plant 2',159,'?5 Bickerdike Vouche'),(11,'Foliage Plant 1',159,'?10 Bickerdike Vouch'),(12,'Foliage Plant 2',159,'?5 Bickerdike Vouche'),(13,'Hanging Basket 1',159,'?8 Keeble Voucher'),(14,'Hanging Basket 2',159,'?6 Keeble Voucher'),(15,'Hanging Basket 3',159,'?4 Keeble Voucher'),(16,'Potatoes 1',159,'Unwin Voucher'),(17,'Veg & Flower 1',159,'Unwin Voucher'),(18,'Football World Cup 1',159,'?6 Baldock Flowers V'),(19,'Football World Cup 2',159,'?4 Baldock Flower Vo'),(20,'Football World Cup 3',159,'?3 Baldock Flower Vo'),(21,'Roses 1',728,'5 Bob Smith'),(22,'Roses 2',729,'3 Bob Smith'),(23,'Roses 3',730,'2 Bob Smith');
/*!40000 ALTER TABLE `sponsorship` ENABLE KEYS */;

--
-- Table structure for table `defaults`
--

DROP TABLE IF EXISTS `defaults`;
/*!40101 SET @saved_cs_client     = @@character_set_client */;
/*!40101 SET character_set_client = utf8 */;
CREATE TABLE `defaults` (
  `ID` int(11) NOT NULL AUTO_INCREMENT,
  `ShowName` varchar(255) DEFAULT NULL,
  `ShowID` int(11) DEFAULT NULL,
  PRIMARY KEY (`ID`),
  KEY `fk_defaults_exhibition_idx` (`ShowID`),
  CONSTRAINT `fk_defaults_exhibition` FOREIGN KEY (`ShowID`) REFERENCES `exhibition` (`ID`) ON DELETE NO ACTION ON UPDATE NO ACTION
) ENGINE=InnoDB AUTO_INCREMENT=2 DEFAULT CHARSET=latin1;
/*!40101 SET character_set_client = @saved_cs_client */;

--
-- Dumping data for table `defaults`
--

/*!40000 ALTER TABLE `defaults` DISABLE KEYS */;
INSERT INTO `defaults` VALUES (1,'bhs',11);
/*!40000 ALTER TABLE `defaults` ENABLE KEYS */;
/*!40103 SET TIME_ZONE=@OLD_TIME_ZONE */;

/*!40101 SET SQL_MODE=@OLD_SQL_MODE */;
/*!40014 SET FOREIGN_KEY_CHECKS=@OLD_FOREIGN_KEY_CHECKS */;
/*!40014 SET UNIQUE_CHECKS=@OLD_UNIQUE_CHECKS */;
/*!40101 SET CHARACTER_SET_CLIENT=@OLD_CHARACTER_SET_CLIENT */;
/*!40101 SET CHARACTER_SET_RESULTS=@OLD_CHARACTER_SET_RESULTS */;
/*!40101 SET COLLATION_CONNECTION=@OLD_COLLATION_CONNECTION */;
/*!40111 SET SQL_NOTES=@OLD_SQL_NOTES */;

-- Dump completed on 2015-12-15 19:30:53
